NPTREF,latitude,longitude,type,RSTNAM,node,place,design,npd,Segement,cc,bc,bc1,greenspace,reach_target,near_station,freq,line,bus_route,bike_capacity,car_park,near_highway,sum_pop,sum_lab,entropy,poi_count,access_lane,intersection,pedstrain
9100ARDWICK,53.471206,-2.213369,railway,ARDWICK,0.571681108,0.267162017,0.393925184,0.41092277,Cluster4,0.818915174,0.670618213,6339,0.611465607,T,1.17149988,-2.564732417,-0.004381827,-0.177829759,-1.163891951,-0.809066862,1.125386985,-1.266021324,-1.491992645,0.48487576,-0.011892265,0.102226137,-0.456300703,-1.706443597
9100ASHBRYS,53.471867,-2.194752,railway,ASHBURYS,0.511894228,0.343621381,0.575721082,0.477078897,Cluster4,0.734331813,0.664946195,6191,0.522232093,T,1.214045217,1.360845723,1.167670573,-0.040088909,-1.163891951,-0.809066862,1.759405093,-0.631052232,-0.976023594,-1.605375756,-0.387219277,-0.414166548,0.616294932,0.241524196
9100ATHERTN,53.529109,-2.47799,railway,ATHERTON,0.273556485,0.522125966,0.273687057,0.356456503,Cluster2,0.435342688,0.498679594,2799,0.366457191,F,-1.516763201,0.85677404,-0.004381827,-0.477579955,-0.062365695,1.339333937,0.354673146,0.165476269,0.175284986,0.035816822,-0.895663113,-0.614569496,-1.308265475,-0.485234752
9100BAGE,53.421964,-2.215229,railway,BURNAGE,0.579618009,0.756181332,0.482187775,0.605995705,Cluster3,0.676340549,0.450232707,2118.5,0.581147766,T,0.801487929,0.85677404,-0.004381827,-0.177829759,0.679891785,-0.809066862,0.055860744,1.28196269,1.07712496,-0.294251919,0.322203805,-1.279522757,0.594812492,0.434568006
9100BLLVUE,53.461787,-2.180187,railway,BELLE VUE,0.542543966,0.582800316,0.52145165,0.548931977,Cluster3,0.638037196,0.456225658,2196,0.604625596,T,1.087268949,0.195554564,-0.004381827,0.768789535,-1.163891951,-0.809066862,1.302240609,0.648379737,0.13714985,0.003127296,-0.387219277,-1.362871804,0.501683809,1.503995582
9100BLRD,53.591184,-2.569805,railway,BLACKROD,0.028532244,0.378313668,0,0.135615304,Cluster2,0.103714329,0,0,0.373603385,F,-1.890080437,0.195554564,-2.230954685,-1.854500052,-1.163891951,1.344925264,0.243360296,-0.548421806,-0.348093207,-0.000257835,-1.59967154,-1.998845269,-1.774120921,-1.427903243
9100BMHL,53.360557,-2.163021,railway,BRAMHALL,0.305435319,0.54086954,0.128621466,0.324975442,Cluster2,0.295114469,0,0,0.599089686,T,-0.64596302,0.195554564,-2.230954685,-0.323282515,-0.203722105,-0.809066862,1.551780118,0.217391557,0.102701658,0.487331264,-0.45168402,-1.998845269,-1.308265475,-0.170802823
9100BOLTON,53.573558,-2.425152,railway,BOLTON INTERCHANGE,0.502590314,0.286048459,0.84132681,0.543321861,Cluster4,0.309001266,0.436520711,1948,0.543814383,T,-1.593380062,1.747855403,1.897850467,1.679609512,0.907659692,1.142393606,0.96765271,-1.306303088,-1.299485318,-5.154930063,1.345706357,0.7873552,1.313237432,0.91799321
9100BRBM,53.440791,-2.016625,railway,BROADBOTTOM,0.090007085,0.282668574,0.229231977,0.200635879,Cluster2,0.295114469,0,0,0.618809142,T,-1.322993643,0.85677404,-2.230954685,-1.331247526,-1.163891951,1.406094201,-0.276240236,-1.267411932,-1.132858941,-0.0132965,-0.387219277,-0.801642958,-1.033936734,-1.479015561
9100BREDBRY,53.423069,-2.110546,railway,BREDBURY,0.356494759,0.619497099,0.329121099,0.435037652,Cluster2,0.363412061,0.327058266,899,0.535657176,T,0.236384805,0.85677404,-0.004381827,-1.111903949,-0.203722105,1.406094201,-0.327108456,0.54889041,0.534197383,-0.193241312,-0.130346548,-1.142577526,-0.030509485,-1.191556496
9100BRMCRSS,53.613984,-2.41073,railway,BROMLEY CROSS,0.089924129,0.237431919,0.250161347,0.192505798,Cluster2,0.164817159,0,0,0.559529209,T,-1.861444757,0.195554564,-2.230954685,-0.642143821,-0.408740539,1.342156362,2.056619194,-1.32869763,-1.296319948,0.040680231,-1.024634757,-0.940925171,-1.308265475,-0.22257781
9100BRNGTN,53.431953,-2.134094,railway,BRINNINGTON,0.46020254,0.450349743,0.333977391,0.414843225,Cluster2,0.428938142,0.365503121,1208,0.733767377,T,0.567709241,0.85677404,-0.004381827,-0.912375533,-1.163891951,-0.809066862,-1.128389427,-0.05086031,-0.540413858,-0.008988782,-0.45168402,-0.098153914,-1.308265475,-0.493526097
9100BRYN,53.499644,-2.647723,railway,BRYN,0.27965791,0.578944518,0.183598083,0.34740017,Cluster2,0.119180408,0,0,0.561826612,T,-1.929165451,0.195554564,-2.230954685,0.335274251,-1.163891951,-0.809066862,-0.751214964,0.307217392,0.210736924,0.333532336,0.088909027,-0.802465264,-1.774120921,-0.671385462
9100CHASNRD,53.446192,-2.368172,railway,CHASSEN ROAD,0.408301634,0.72695931,0.277105894,0.470788946,Cluster3,0.485635044,0.298375271,706,0.704737091,T,-0.104529636,0.195554564,-0.004381827,-0.818796389,-1.163891951,-0.809066862,0.020389519,0.550921793,0.648526209,7.211642198,0.753457946,-1.998845269,0.19460958,-0.821161766
9100CHDH,53.376277,-2.188078,railway,CHEADLE HULME,0.336685825,0.677597113,0.316332058,0.443538332,Cluster2,0.409564543,0.22813306,353,0.522560522,T,-0.038639249,1.224737646,-0.004381827,-0.642143821,-0.203722105,1.406094201,0.386624853,0.604175918,0.734485883,0.455724528,0.610995688,-1.753783965,-0.030509485,-0.1473833
9100CLTN,53.522246,-2.313974,railway,CLIFTON,0.4210767,0.338200473,0.200963296,0.320080156,Cluster2,0.73947389,0.513150603,3027,0.666789894,T,0.380774414,-2.564732417,-0.004381827,-2.582269961,-1.163891951,-0.809066862,-0.400409728,-0.675794426,-0.833896144,0.224919407,-1.17737452,-0.171058959,-1.774120921,-1.676713217
9100CSTL,53.592167,-2.178128,railway,CASTLETON,0.285698522,0.503385109,0.265115915,0.351399849,Cluster2,0.142140578,0.488054412,2639,0.568546938,T,-1.138668464,0.587110322,-0.004381827,-0.728825333,-1.163891951,0.79118299,-0.631660618,-0.094359158,-0.094908686,0.081569712,-0.088550877,-0.369636885,-1.774120921,-0.131093225
9100DAISYH,53.539371,-2.515317,railway,DAISY HILL,0.163937124,0.468739331,0.256150185,0.296275547,Cluster2,0.336432062,0.457787539,2216.5,0.587433779,T,-1.769804124,0.85677404,-0.004381827,-1.009933184,-1.163891951,1.387263452,0.466790703,-0.198887455,-0.071321224,0.023207805,-0.784412816,-1.979498339,-0.364724534,-0.013430183
9100DAVNPRT,53.390889,-2.15252,railway,DAVENPORT,0.418243926,0.603250637,0.543712633,0.521735732,Cluster3,0.409564543,0.346404654,1047,0.587863162,T,-0.005264215,0.85677404,-0.004381827,-0.323282515,-1.163891951,-0.809066862,0.299534133,0.159078423,0.240201745,2.617278541,0.508241142,-0.42998891,0.068374668,0.90227857
9100FLIXTON,53.443788,-2.383507,railway,FLIXTON,0.379203173,0.40165646,0.251126557,0.343995397,Cluster2,0.428938142,0.228640736,355,0.783126386,T,-0.264240813,0.587110322,-0.004381827,-0.642143821,0.679891785,1.333521188,0.699940926,-0.669001168,-0.518669879,0.010503551,-0.273183376,-1.427633645,-0.561833393,-0.819650718
9100FLWRYFD,53.461438,-2.080239,railway,FLOWERY FIELD,0.448456182,0.616044098,0.185998187,0.416832823,Cluster2,0.504069112,0.385377761,1392,0.600183957,T,-0.232871693,0.85677404,-0.004381827,-0.249527108,-1.163891951,-0.809066862,-1.113440834,0.625705944,0.55503642,0.08894234,-0.522270796,-1.278061183,-1.774120921,0.359253233
9100FRFD,53.471309,-2.14496,railway,FAIRFIELD,0.497154488,0.341094136,0.349149333,0.395799319,Cluster2,0.626887824,0.527038584,3257,0.744542084,T,0.88170676,0.195554564,-0.004381827,-0.728825333,-1.163891951,-0.809066862,-0.705531198,-0.728933371,-0.731707012,0.002971871,-1.17737452,-0.031418749,-1.033936734,-0.961636413
9100FRNW,53.55034,-2.388273,railway,FARNWORTH,0.426573763,0.472281389,0.322343552,0.407066234,Cluster2,0.466970455,0.471722475,2405,0.696142954,T,-0.955340039,0.195554564,-0.004381827,-0.399244647,-1.163891951,-0.809066862,-1.639797631,-0.176877647,-0.297030754,-0.017628234,-0.174816577,-1.028569475,-0.561833393,-0.391120827
9100GATHRST,53.559507,-2.694228,railway,GATHURST,0.068287244,0.000136361,0.111088853,0.059837486,Cluster2,0.111463387,0,0,0.97550797,T,-1.929165451,0.85677404,-2.230954685,-1.854500052,-0.203722105,1.026216762,0.342009223,-2.536329192,-2.46458197,0.017288427,-1.363507687,-0.926956123,-1.774120921,-1.69327902
9100GATLEY,53.392929,-2.230828,railway,GATLEY,0.426762244,0.580096284,0.52722421,0.511360913,Cluster3,0.55801649,0.230402951,362,0.625406629,T,0.201003822,0.85677404,-0.004381827,-1.218802908,0.586967726,1.268019662,-1.463162966,0.193726303,0.14353467,-0.621104406,0.774077982,0.297074399,-0.085745029,-0.564084027
9100GFLD,53.538847,-2.014067,railway,GREENFIELD,0.084741925,0.312040442,0.421692287,0.272824885,Cluster2,0.056539735,0,0,0.657449272,T,-1.467355065,0.85677404,-2.230954685,-0.477579955,-1.163891951,0.857515904,2.218812189,-1.209861334,-1.045052611,-0.023470529,0.023419357,-0.005945509,-0.686397692,-0.490211739
9100GIDB,53.474552,-2.113951,railway,GUIDE BRIDGE,0.456567921,0.404234217,0.544107595,0.468303244,Cluster4,0.587129492,0.544242613,3557.5,0.556398823,T,0.567709241,1.224737646,2.399331873,-0.912375533,-1.163891951,1.429982038,-0.872011955,-0.110470851,-0.184653619,-0.011919733,-2.395886799,0.447207737,-0.364724534,0.029643152
9100GODLY,53.452266,-2.055707,railway,GODLEY,0.36449727,0.378772124,0.387659048,0.376976147,Cluster2,0.403052986,0.298052459,704,0.485981295,F,-0.805809265,0.85677404,-0.004381827,-0.642143821,-1.163891951,-0.809066862,-0.27126001,-0.582505373,-0.402165135,-0.029200609,-1.363507687,-0.304505547,-0.364724534,-1.171372668
9100GORTON,53.469006,-2.167217,railway,GORTON,0.536851133,0.829424405,0.377268119,0.581181219,Cluster3,0.649094579,0.541195469,3503,0.423616639,F,1.004184338,0.587110322,-0.004381827,0.666298949,-1.163891951,-0.809066862,0.726680326,2.089023495,1.393459886,0.060472069,-0.600149648,0.383246026,-1.308265475,-0.729285462
9100HAGFOLD,53.533592,-2.493928,railway,HAG FOLD,0.348466869,0.54843546,0.03096427,0.309288867,Cluster2,0.38994867,0.479104672,2509,0.464226601,F,-1.607843943,0.732476494,-0.004381827,0.090858697,-1.163891951,-0.809066862,0.15679409,0.564103711,0.174135445,0.030116703,-1.17737452,-1.998845269,-1.774120921,-0.881047445
9100HALE,53.378516,-2.347489,railway,HALE,0.136211374,0.617595335,0.27463319,0.3428133,Cluster2,0.322773482,0,0,0.521955196,T,-0.831447408,0.195554564,-2.230954685,-0.558475725,-1.163891951,1.339333937,1.556677391,0.264855191,0.43047164,0.999891982,0.508241142,-1.998845269,-0.364724534,0.353197059
9100HATRSLY,53.44527,-2.04034,railway,HATTERSLEY,0.282052972,0.198010312,0.096557974,0.192207086,Cluster2,0.356708916,0.228387134,354,0.647596237,T,-0.979258955,0.85677404,-0.004381827,-0.323282515,-1.163891951,1.215844865,-0.207686281,-1.380265481,-1.520037541,0.002435788,-1.363507687,-0.98131849,-1.774120921,-1.836946207
9100HAZL,53.377764,-2.122726,railway,HAZEL GROVE,0.366945337,0.538750846,0.539478504,0.481724896,Cluster3,0.322773482,0.22813306,353,0.665404103,T,-0.562171537,0.85677404,-0.004381827,-0.249527108,1.089043943,1.598137849,1.358202181,-0.15288719,-0.015529187,-0.230251786,0.849667008,-0.603680406,0.572656358,0.090272892
9100HINDLEY,53.54236,-2.575321,railway,HINDLEY,0.164527509,0.391277631,0.08655174,0.21411896,Cluster2,0.274067345,0.446805475,2075,0.70167248,T,-1.890080437,1.061056019,1.167670573,-2.010534401,-0.408740539,1.268019662,1.333413453,-0.561801047,-0.429950456,0.000172553,-1.024634757,-1.195913344,-1.774120921,-1.567753778
9100HITW,53.597221,-2.413151,railway,HALL I'TH' WOOD,0.299634554,0.407055178,0.529650927,0.412113553,Cluster2,0.216645933,0.22889387,356,0.632987654,T,-1.819205156,0.195554564,-0.004381827,0.026183463,-1.163891951,-0.809066862,1.775891287,-0.445151877,-0.608270613,-0.007460478,-0.45168402,-0.463630442,0.19460958,0.448946804
9100HLDG,53.369404,-2.236696,railway,HEALD GREEN,0.19939024,0.425771313,0.48782363,0.370995061,Cluster2,0.473217775,0,0,0.601769355,T,-0.137044988,1.224737646,-2.230954685,-1.331247526,-0.203722105,0.911096765,0.666501506,-0.647657752,-0.606775883,0.082267216,0.508241142,0.082446925,-0.283825449,-0.382605347
9100HMPHRYP,53.45227,-2.327719,railway,HUMPHREY PARK,0.47356388,0.744385308,0.417976678,0.545308622,Cluster3,0.626887824,0.385790041,1396,0.539051918,T,0.34424716,-0.089702178,-0.004381827,-0.728825333,-1.163891951,-0.809066862,-0.804887666,1.142467178,1.162111787,-0.318957032,0.148501361,-1.154263677,0.068374668,0.18665861
9100HORWICH,53.578022,-2.539483,railway,HORWICH PARKWAY,0.157871398,0.026287028,0.595925083,0.260027836,Cluster4,0.164817159,0.22889387,356,0.981082181,T,-1.876335472,1.061056019,-0.004381827,-2.582269961,-0.005453173,1.546847341,-1.21671973,-2.536329192,-2.46458197,0.047287628,-0.686848549,0.389087874,0.817521021,-1.508953138
9100HTCP,53.425638,-2.178995,railway,HEATON CHAPEL,0.544457045,0.755640586,0.547692145,0.615929925,Cluster3,0.621278402,0.476218887,2468,0.44302715,F,0.841454056,1.360845723,-0.004381827,0.026183463,-0.203722105,-0.809066862,-0.262706932,1.080367145,1.310647418,-0.338260035,0.228774521,-0.584331385,-0.145728696,1.75951194
9100HYDEC,53.451449,-2.085083,railway,HYDE CENTRAL,0.449416008,0.37765141,0.604946386,0.477337935,Cluster4,0.409564543,0.266501842,526,0.593790396,T,0.028397382,0.412650178,-0.004381827,0.215769432,-1.163891951,1.026216762,-1.981109327,-0.678659776,-0.943686989,0.031476842,0.176379404,-0.070320488,0.572656358,0.138212522
9100HYDEN,53.464752,-2.085125,railway,HYDE NORTH,0.378713917,0.62488388,0.27089553,0.424831109,Cluster2,0.47943927,0.320763398,854,0.517227565,T,-0.137044988,0.587110322,-0.004381827,-0.249527108,-1.163891951,0.934328554,-0.87253877,0.656823141,0.684430665,-0.667858684,-0.522270796,-1.25571024,-1.033936734,0.200314793
9100INCE,53.539065,-2.612381,railway,INCE,0.336414561,0.381779343,0.448612326,0.38893541,Cluster2,0.223928112,0.448544637,2097,0.578864596,T,-1.90267968,0.587110322,1.167670573,0.026183463,-1.163891951,-0.809066862,1.835888331,-0.20226245,-0.340645935,0.104273616,-2.395886799,0.026329389,-0.686397692,-0.081845248
9100IRLAM,53.434227,-2.432776,railway,IRLAM,0.112504552,0.286630955,0.434849291,0.277994933,Cluster2,0.336432062,0,0,0.678319097,T,-0.931134587,0.85677404,-2.230954685,-1.710289889,0.428683885,1.327471439,1.994271405,-1.264168777,-1.139569034,-2.908568309,0.364184509,-0.49432791,0.155004478,-1.075299488
9100KEARSLY,53.544575,-2.375574,railway,KEARSLEY,0.372602096,0.490584812,0.331253123,0.398146677,Cluster2,0.510163068,0.492553942,2706,0.523758878,T,-0.805809265,0.195554564,-0.004381827,0.276162258,-1.163891951,1.142393606,-0.993281426,-0.016896279,0.21358062,0.007147008,-1.363507687,-0.062497535,-1.308265475,-0.615730163
9100LITLBRO,53.642992,-2.094544,railway,LITTLEBOROUGH,0.069649637,0.366373412,0.30668467,0.24756924,Cluster2,0,0,0,0.651934482,T,-1.883351172,1.224737646,-2.230954685,-0.399244647,-1.163891951,1.189774409,1.121358866,-0.801103425,-0.659637426,0.013118931,-0.522270796,-0.550343152,-1.033936734,-0.633315147
9100LOSTCKP,53.573033,-2.4941,railway,LOSTOCK,0.232213681,0.332399347,0.297175639,0.287262889,Cluster2,0.216645933,0.298697483,708,0.693839949,T,-1.809897874,0.85677404,-0.004381827,-1.331247526,-0.005453173,1.268019662,-0.428363203,-0.840817396,-0.715240373,0.025630405,-1.17737452,-0.025989172,-1.774120921,-0.278963574
9100LVHM,53.444384,-2.192744,railway,LEVENSHULME,0.46925564,0.952938734,0.67881852,0.700337632,Cluster3,0.708299483,0.495995814,2758,0.459074717,F,0.922246042,1.360845723,-0.004381827,0.393169079,0.292473371,1.215844865,1.106076041,2.336560975,1.801099828,-0.223161655,1.07076827,0.427970586,-0.030509485,1.72092751
9100MARPLE,53.401012,-2.057518,railway,MARPLE,0.082208508,0.302825233,0.373053006,0.252695582,Cluster2,0.238402278,0,0,0.772700721,T,-1.243936562,0.85677404,-2.230954685,-1.331247526,-0.203722105,1.543943881,1.685749239,-1.318657236,-1.236316939,0.122905423,0.491996674,-0.033642029,-0.686397692,-1.291672354
9100MDWD,53.360081,-2.083503,railway,MIDDLEWOOD,0,0.0222578,0.166974343,0.063077381,Cluster2,0.245594513,0,0,0.953886487,T,-1.432983777,0.195554564,-2.230954685,-3.494200802,-1.163891951,-0.809066862,2.133196198,-2.536329192,-2.46458197,0.012341065,-0.784412816,-0.47066292,-1.774120921,-1.654434171
9100MLDTHRD,53.433508,-2.208966,railway,MAULDETH ROAD,0.480302235,0.687386617,0.529108329,0.56559906,Cluster3,0.729168392,0.468790834,2364.5,0.546219309,T,0.9630719,0.85677404,-0.004381827,-0.040088909,0.388048153,1.026216762,0.846446338,1.272727471,0.637846956,-1.130634073,-0.174816577,-0.929422501,0.450063784,0.850955611
9100MLSHILL,53.551064,-2.171479,railway,MILLS HILL,0.331989909,0.530794312,0.463753899,0.442179373,Cluster2,0.209333524,0.509664672,2971,0.50717486,T,0.028397382,1.061056019,-0.004381827,-0.323282515,-1.163891951,1.142393606,0.207584692,-0.000610698,0.156847091,0.056300399,-0.222295664,0.417970399,-1.033936734,0.128584201
9100MNCROXR,53.473785,-2.242248,railway,MANCHESTER OXFORD ROAD,0.798800457,0.987723334,0.975099798,0.920541196,Cluster1,0.945876341,0.817539614,11027.5,0.260944385,F,1.17149988,2.055148001,-0.004381827,1.863602997,2.175738411,-0.809066862,-0.985657129,2.714139434,1.449359432,-0.146662728,1.916336508,2.033138288,1.123352599,1.105402
9100MOSSLEY,53.514922,-2.041325,railway,MOSSLEY,0.297918949,0.519151102,0.413471132,0.410180394,Cluster2,0.111463387,0.227623492,351,0.572974388,T,-1.049296503,0.85677404,-0.004381827,0.867884114,-1.163891951,1.026216762,1.868797389,-0.152281965,0.188477884,-0.000949229,-0.222295664,-0.207528097,-1.033936734,0.540283528
9100MRSD,53.516333,-2.35225,railway,MOORSIDE,0.353824322,0.524683597,0.268089125,0.382199015,Cluster2,0.660060732,0.535579455,3404,0.60306789,T,-0.038639249,0.195554564,-0.004381827,-0.912375533,-1.163891951,1.142393606,-1.114762719,0.236006247,0.212443413,-0.276258568,-1.024634757,-1.704084312,-0.838477743,0.656797655
9100MSGT,53.556176,-2.401339,railway,MOSES GATE,0.377951048,0.449635107,0.511672136,0.44641943,Cluster2,0.422507009,0.449409717,2108,0.675271871,T,-1.181635278,0.195554564,-0.004381827,-0.249527108,-1.163891951,-0.809066862,-0.1257236,-0.252668452,-0.422281386,-0.002071859,-0.273183376,-0.418536239,-0.085745029,0.648235299
9100MSTN,53.523336,-2.171021,railway,MOSTON,0.525712289,0.640772927,0.225135534,0.463873583,Cluster3,0.266993309,0.529971606,3307,0.434906987,F,0.492075597,0.195554564,-0.004381827,0.963842214,-1.163891951,0.934328554,-1.704092295,1.140889576,0.86341483,0.164941586,-1.918279829,-1.169055942,-1.308265475,-0.190517595
9100NWTH,53.456584,-2.066947,railway,NEWTON FOR HYDE,0.366719075,0.514561579,0.157134406,0.346138353,Cluster2,0.44807246,0.346777603,1050,0.656483031,T,-0.533667946,0.85677404,-0.004381827,-0.399244647,-1.163891951,0.589198011,-1.379385658,-0.012235979,0.093888388,0.01249871,-0.45168402,-1.998845269,-0.838477743,-0.69026868
9100ORRELL,53.530171,-2.709182,railway,ORRELL,0.103206589,0.450686455,0.203837123,0.252576722,Cluster2,0.072395068,0,0,0.665405554,T,-1.937754917,0.195554564,-2.230954685,-1.331247526,-1.163891951,1.142393606,-1.073613731,-0.411273195,-0.282416566,0.069099742,-0.222295664,-1.662774792,-1.308265475,0.459242828
9100PBRT,53.530487,-2.669857,railway,PEMBERTON,0.2965125,0.612799499,0.303357531,0.404223177,Cluster2,0.111463387,0.261430192,500.5,0.531082151,T,-1.929165451,0.195554564,-0.004381827,-0.477579955,-1.163891951,-0.809066862,0.583446339,0.558277955,0.603075635,0.261838012,-0.600149648,-1.867466723,-0.456300703,0.786919554
9100PTRCRFT,53.484868,-2.356857,railway,PATRICROFT,0.557835354,0.60222084,0.454971562,0.538342585,Cluster3,0.718777161,0.392583064,1463,0.297923881,F,0.201003822,0.195554564,-0.004381827,-0.177829759,0.388048153,-0.809066862,-0.411623891,0.511656471,0.391663063,-0.587114766,-0.049146557,-0.201994415,-0.561833393,0.233646867
9100REDISHN,53.449543,-2.156239,railway,REDDISH NORTH,0.468633617,0.667526855,0.332567292,0.489575921,Cluster3,0.528294198,0.399948537,1538,0.510755724,T,0.9630719,0.85677404,-0.004381827,-0.040088909,-0.295062058,1.026216762,0.029365192,1.032046967,1.086796607,-0.496316612,-1.363507687,-0.019723573,-1.774120921,0.333064205
9100REDISHS,53.436075,-2.158507,railway,REDDISH SOUTH,0.554275779,0.580428233,0.383199282,0.505967764,Cluster3,0.41604918,0.248677045,440,0.696192879,T,0.88170676,-2.564732417,-0.004381827,-0.642143821,-1.163891951,-0.809066862,0.115166209,0.164642352,0.332697349,0.07736568,0.228774521,-0.273926049,-1.308265475,0.741015686
9100ROHL,53.396022,-2.076505,railway,ROSE HILL,0.249049933,0.514096045,0.311289663,0.358145214,Cluster2,0.259889906,0,0,0.545545215,T,-0.906642599,-0.089702178,-2.230954685,-1.575948326,0.447590089,-0.809066862,1.762588474,0.112029267,0.085052338,0.189903603,-0.784412816,-0.320719314,-1.308265475,-0.431737673
9100ROMILEY,53.414017,-2.089325,railway,ROMILEY,0.482113328,0.513073295,0.439185038,0.478123887,Cluster3,0.315901637,0.306411399,757,0.597632256,T,-0.264240813,1.295673293,1.897850467,-1.111903949,0.318490764,-0.809066862,1.170245142,-0.177791937,-0.231180707,0.070955562,0.709803738,-0.008205963,-1.033936734,0.580237706
9100RYDRBRW,53.456836,-2.173675,railway,RYDER BROW,0.538931587,0.599377135,0.588427282,0.575578668,Cluster3,0.581355032,0.429813566,1868,0.627990828,T,1.004184338,0.195554564,-0.004381827,0.666298949,-1.163891951,-0.809066862,1.028522707,0.721141002,0.113247784,0.076981578,-0.088550877,0.167503844,0.113027626,0.353197059
9100SBYD,53.484387,-2.063328,railway,STALYBRIDGE,0.391317641,0.476898854,0.388610863,0.418942453,Cluster2,0.172313606,0.314614598,811.5,0.65885183,T,-0.590388579,1.146986196,1.167670573,0.768789535,-1.163891951,1.159499694,0.838397585,-0.265153599,-0.252093281,-0.334139976,0.119380092,-0.853997733,-0.456300703,0.18665861
9100SLFDCT,53.486485,-2.275777,railway,SALFORD CRESCENT,0.540848518,0.444036729,0.801836411,0.595573886,Cluster4,0.924271087,0.710213854,7437.5,0.686462877,T,0.9630719,2.003083839,1.897850467,-0.818796389,-1.163891951,-0.809066862,-0.873565061,-0.285227304,-0.630800266,0.0098772,0.176379404,1.559316717,0.863755905,-0.404707064
9100SLFDORD,53.482845,-2.255545,railway,SALFORD CENTRAL,0.655738714,0.721180448,0.968150726,0.781689963,Cluster1,0.879694718,0.44640852,2070,0.404841043,F,1.087268949,1.624295705,-0.004381827,0.215769432,1.333504087,-0.809066862,-0.711710005,0.321421435,1.057721916,-0.204645893,1.781384285,1.904520529,1.210974353,1.059124204
9100SMBG,53.63298,-2.113863,railway,SMITHY BRIDGE,0.168978773,0.462025699,0.342496077,0.324500183,Cluster2,0.024432222,0.241228845,407,0.469263663,F,-1.876335472,0.85677404,-0.004381827,-0.818796389,-1.163891951,1.227601008,0.698183916,-0.112265522,0.0086959,-0.008363024,-1.363507687,-0.151213924,-1.033936734,-0.830213745
9100STKP,53.405535,-2.163057,railway,STOCKPORT,0.689217089,0.561200723,0.817943419,0.689453743,Cluster1,0.54025704,0.494974374,2742.5,0.581493261,T,0.34424716,1.947029961,2.399331873,1.827589002,0.832014245,1.677584767,-1.2724635,-0.154703489,-0.108019462,-0.152019883,1.653617484,1.534663432,1.51290391,-1.482627136
9100SWNT,53.514822,-2.337082,railway,SWINTON,0.482589774,0.610624217,0.327107331,0.473440441,Cluster3,0.718777161,0.552554804,3709,0.465329939,F,0.131101552,0.85677404,-0.004381827,0.276162258,-1.163891951,-0.809066862,-0.395591042,0.537446894,0.486907591,0.063356977,-0.273183376,-1.636738682,-0.085745029,-0.080010325
9100TRFDPK,53.454785,-2.3117,railway,TRAFFORD PARK,0.466602817,0.550146194,0.608340944,0.541696652,Cluster3,0.692419305,0.418231363,1735,0.53038619,T,0.492075597,0.195554564,-0.004381827,-0.558475725,-1.163891951,-0.809066862,-0.146566002,0.066971723,0.13191717,-0.162913706,0.228774521,0.529137894,0.768060849,-1.47298467
9100URMSTON,53.448285,-2.353796,railway,URMSTON,0.484861189,0.611806773,0.390003419,0.495557127,Cluster3,0.54025704,0.347149851,1053,0.612996092,T,0.096580265,0.85677404,-0.004381827,-0.249527108,0.679891785,0.589198011,-0.491934847,0.17768705,0.288411788,-0.226764369,1.194158811,-1.480166867,0.020678462,0.473692972
9100WALKDEN,53.51979,-2.396168,railway,WALKDEN,0.437800162,0.644131235,0.631819894,0.571250431,Cluster3,0.55212118,0.517448818,3097,0.60358995,T,-0.673320421,0.85677404,-0.004381827,0.393169079,-1.163891951,-0.809066862,-0.37508194,0.437546367,0.546713781,1.309670283,0.422261341,-0.534159161,0.501683809,1.731194813
9100WIGANNW,53.54336,-2.633314,railway,WIGAN NORTH WESTERN,0.348405401,0.359429871,0.64576156,0.451198944,Cluster4,0.216645933,0.366237986,1214.5,0.561370175,T,-1.924441118,1.708851581,1.167670573,1.278087692,0.090244882,1.556324141,1.537726681,-1.213915794,-0.946289799,-0.592583901,1.151350956,1.157381171,1.069580119,-2.774144887
9100WIGANWL,53.544833,-2.633411,railway,WIGAN WALLGATE,0.40543087,0.305603408,0.783730172,0.498254817,Cluster4,0.172313606,0.395607666,1493.5,0.65989044,T,-1.924441118,1.224737646,1.167670573,1.32053712,0.090244882,0.589198011,1.575285165,-1.319611055,-1.449249657,-0.37887172,1.207645936,0.677270695,1.143775108,0.498561779
9100WMOR,53.386246,-2.141558,railway,WOODSMOOR,0.257568385,0.560414974,0.247638756,0.355207372,Cluster2,0.363412061,0.297729043,702,0.534283215,T,-0.137044988,0.965140183,-0.004381827,-1.575948326,-1.163891951,0.589198011,0.762520426,0.217391557,0.37755146,0.021641104,-0.522270796,-1.297130986,-0.364724534,-1.581654874
9100WOODLEY,53.429259,-2.092804,railway,WOODLEY,0.303447493,0.475956742,0.32079365,0.366732628,Cluster2,0.343219033,0.181430301,199,0.504943865,F,0.096580265,0.587110322,-0.004381827,-1.449987751,-1.163891951,0.512022675,0.419538126,-0.240539863,-0.088684489,0.026666842,-0.45168402,-0.711329432,-0.838477743,-0.475261094
9100WSTHOTN,53.555912,-2.523141,railway,WESTHOUGHTON,0.185077876,0.620687637,0.443832333,0.416532615,Cluster2,0.119180408,0.174160168,180,0.535909995,T,-1.83696035,0.965140183,-0.004381827,-0.818796389,-1.163891951,1.300529812,0.005753657,0.606935347,0.886061603,-1.698678916,-0.784412816,-0.334865861,-0.561833393,0.313014808
9400ZZMAABM,53.510507,-2.235415,metrolink,Abraham Moss,0.501498811,0.751218865,0.505782346,0.586166674,Cluster3,0.654589012,0.519815844,3136,0.522296509,T,0.9630719,-0.208070147,-0.004381827,0.393169079,-1.163891951,0.103549926,0.661745106,1.747761007,0.683927102,0.082038243,-0.049146557,0.141877333,-0.456300703,0.18665861
9400ZZMAALT,53.387452,-2.347277,interchange,Altrincham,0.330531917,0.640104654,0.517855084,0.496163885,Cluster3,0.38994867,0.232881994,372,0.634585513,T,-0.727175589,1.722076692,-0.004381827,-0.177829759,0.832014245,1.243889415,1.671543388,0.240646661,0.512724092,-0.319050929,1.241903357,-1.175223839,0.696237915,0.626890453
9400ZZMAAMO,53.483604,-2.121992,metrolink,Ashton Moss,0.475210406,0.230627522,0.650868211,0.45223538,Cluster4,0.281112137,0.284437193,623,0.798041353,T,0.683309001,-0.918041684,-0.004381827,-1.449987751,0.624416887,1.595003465,-1.306460322,-1.362092167,-1.194186559,-0.01179721,-1.363507687,1.042067653,0.267685929,-0.698106919
9400ZZMAANC,53.474309,-2.28602,metrolink,Anchorage,0.717654016,0.751067235,0.757713352,0.742144868,Cluster1,0.632474056,0.326162015,892.5,0.4773769,F,0.9630719,-1.631543687,-0.004381827,0.449905535,0.292473371,-0.809066862,-1.421637553,0.686009788,1.114778989,-0.111749547,1.509615355,-0.106808929,2.06749595,-0.343194633
9400ZZMAAUD,53.478211,-2.131092,metrolink,Audenshaw,0.633652887,0.467680339,0.634702557,0.578678594,Cluster4,0.315901637,0.319191611,843,0.640253386,T,0.841454056,-0.918041684,-0.004381827,-0.818796389,0.679891785,-0.809066862,-1.395299486,-0.283969145,-0.131253123,0.007333561,-0.45168402,0.137487744,0.333872008,0.751909746
9400ZZMAAUL,53.490341,-2.098032,interchange,Ashton-Under-Lyne,0.607251813,0.52698428,0.843080727,0.659105606,Cluster1,0.259889906,0.368315462,1233,0.541299143,T,0.062345542,0.345937729,1.167670573,0.867884114,1.15276941,1.182643131,-0.179631586,-0.076837721,-0.11490882,-0.006401666,0.554480886,0.431951216,0.999188978,2.37135511
9400ZZMAAWT,53.490241,-2.109727,metrolink,Ashton West,0.518396652,0.379298912,0.655833144,0.517842903,Cluster4,0.252757015,0.25733226,480.5,0.704078613,T,0.236384805,-0.918041684,-0.004381827,-0.399244647,0.679891785,1.509923681,-1.384878654,-0.497184702,-0.78826542,-0.015328323,-0.600149648,0.564828893,0.594812492,-0.331121679
9400ZZMABAG,53.396533,-2.292521,metrolink,Baguley,0.621698077,0.365086408,0.5760906,0.520958362,Cluster4,0.309001266,0.521743585,3168,0.610772741,T,-0.038639249,-0.918041684,-0.004381827,0.50553803,0.771660881,-0.809066862,0.001457487,-0.489456943,-0.571167005,0.297093268,-1.59967154,0.017296053,0.714888006,-0.863195336
9400ZZMABAR,53.43283,-2.26935,metrolink,Barlow Moor Road,0.563374885,0.683864747,0.839035295,0.695424976,Cluster1,0.626887824,0.616474126,5018,0.675395626,T,0.761808378,-0.918041684,-0.004381827,0.276162258,-1.163891951,-0.809066862,-0.121998391,0.7142825,0.813375371,0.117878153,0.384157452,1.699849975,0.696237915,0.325034447
9400ZZMABKS,53.417102,-2.326109,metrolink,Brooklands,0.399090453,0.669044141,0.654576604,0.574237066,Cluster3,0.55212118,0.400382876,1542.5,0.621904347,T,-0.071727723,-0.208070147,-0.004381827,-0.558475725,0.090244882,1.419399139,0.178451777,0.404348977,0.692479467,1.254443004,0.803646745,0.308432026,0.364766735,0.680416267
9400ZZMABLL,53.387088,-2.256221,metrolink,Benchill,0.63884471,0.78032221,0.620608561,0.67992516,Cluster3,0.187213654,0.441595051,2010,0.46533152,F,-0.005264215,-0.918041684,-0.004381827,0.276162258,0.771660881,-0.809066862,-1.00642831,1.792902358,1.385238952,-0.46068261,-1.024634757,0.195384081,0.301557639,0.45306267
9400ZZMABNR,53.429196,-2.240701,metrolink,Burton Road,0.703957762,1,0.477773753,0.727243838,Cluster3,0.609989608,0.394026113,1477.5,0.440960414,F,0.841454056,-0.208070147,-0.004381827,0.916240238,1.304493982,-0.809066862,0.219387206,2.175058189,2.716286517,1.71944848,-0.011892265,-0.219554694,-0.283825449,0.067440649
9400ZZMABOB,53.541946,-2.286067,metrolink,Besses o'th'Barn,0.535045986,0.652218376,0.445814422,0.544359595,Cluster3,0.41604918,0.365276485,1206,0.55592777,T,0.201003822,-0.208070147,-0.004381827,-0.249527108,0.235070945,0.751416176,-2.047197252,0.620207768,0.729506867,0.152313757,-0.011892265,-1.306235536,0.232098067,0.637551984
9400ZZMABOW,53.524949,-2.249976,metrolink,Bowker Vale,0.457914909,0.58325862,0.224072006,0.421748512,Cluster2,0.54025704,0.469626614,2376,0.647239708,T,0.722415402,-0.208070147,-0.004381827,-1.111903949,-1.163891951,-0.809066862,-0.101966931,0.459625067,0.321675424,0.064548351,-0.387219277,-0.757245044,-1.774120921,-0.050545014
9400ZZMABUR,53.590923,-2.297109,metrolink,Bury,0.40038543,0.421477007,0.637238331,0.486366923,Cluster4,0.209333524,0,0,0.662627343,T,-0.881864074,-0.918041684,-2.230954685,0.867884114,1.158558835,1.406094201,0.303304705,-0.638459553,-0.778607303,0.115284349,0.793964089,0.118061469,0.501683809,0.471626111
9400ZZMABWY,53.474836,-2.294957,metrolink,Broadway,0.808465099,0.503033112,0.813231431,0.708243214,Cluster1,0.575556601,0.243640428,417.5,0.647388221,T,0.801487929,-0.918041684,1.167670573,0.666298949,1.66318436,-0.809066862,-0.82459943,-0.681886877,-0.103643156,-0.23347026,1.427999587,0.704610167,1.482209019,0.225782684
9400ZZMACEM,53.479863,-2.15501,metrolink,Cemetery Road,0.699580392,0.580234584,0.461304267,0.580373081,Cluster3,0.422507009,0.387329204,1411,0.659172412,T,1.129241124,-0.918041684,-0.004381827,0.666298949,0.877961117,-0.809066862,0.405048938,0.345964319,0.360110926,0.013781886,-0.273183376,-0.314967812,-0.561833393,0.580237706
9400ZZMACHO,53.442852,-2.273433,metrolink,Chorlton,0.625121441,0.965128596,0.806700612,0.79898355,Cluster1,0.73947389,0.642781919,5634.5,0.40862241,F,0.801487929,0.015431916,-0.004381827,0.276162258,0.82497132,-0.809066862,0.477908066,1.851931106,2.322946581,-0.152897484,1.258172335,1.641598517,0.301557639,0.734489859
9400ZZMACLN,53.482799,-2.182159,metrolink,Clayton Hall,0.645722508,0.515807704,0.662552863,0.608027691,Cluster4,0.54025704,0.441432983,2008,0.550499788,T,1.299995637,-0.918041684,-0.004381827,0.215769432,0.709765511,-0.809066862,1.428284902,0.36586752,-0.207181444,0.045158589,-0.600149648,0.687876033,0.068374668,0.678264741
9400ZZMACRN,53.469992,-2.267581,metrolink,Cornbrook,0.66669273,0.814834783,0.828456017,0.76999451,Cluster1,0.932966921,0.823377205,11250,0.431860188,F,1.004184338,0.85677404,1.167670573,-0.108057085,0.719235848,-0.809066862,-0.417452216,1.271627026,1.531260093,-0.008741674,0.686648857,1.445553392,1.673761702,-1.462092462
9400ZZMACRU,53.517345,-2.241063,metrolink,Crumpsall,0.549562616,0.664523563,0.427262095,0.547116091,Cluster3,0.598606898,0.495995814,2758,0.5076623,T,0.801487929,-0.208070147,-0.004381827,0.50553803,0.636153652,1.233200193,0.347850334,0.913840849,0.493245611,0.298382322,0.148501361,-0.68612407,-0.364724534,0.321024566
9400ZZMACSS,53.383376,-2.256259,metrolink,Crossacres,0.656849479,0.754184635,0.708710781,0.706581632,Cluster1,0.172313606,0.407361976,1616,0.320458752,F,-0.005264215,-0.918041684,-0.004381827,0.717986286,0.810482477,-0.809066862,-0.641600152,1.469547837,1.028465908,-0.374473302,-0.049146557,0.395174256,0.476346072,1.213249421
9400ZZMACTP,53.501621,-2.19923,metrolink,Central Park,0.64379872,0.173016056,0.417068936,0.411294571,Cluster4,0.681722351,0.63326326,5406,0.602887892,T,1.299995637,-0.208070147,-0.004381827,0.393169079,0.636153652,-0.809066862,1.056043631,-1.246200814,-1.504112179,0.058401015,-2.395886799,-0.614251759,-0.145728696,-0.485234752
9400ZZMADER,53.549823,-2.101624,metrolink,Derker,0.445477817,0.384856243,0.310707251,0.380347104,Cluster2,0.245594513,0.438825318,1976,0.692141942,T,-0.85679901,-0.208070147,-0.004381827,1.235067956,0.679891785,1.542954972,1.429279567,-0.585623848,-0.741169004,-0.622118938,-0.222295664,-0.824362515,-1.033936734,0.007117713
9400ZZMADID,53.416743,-2.228564,metrolink,Didsbury Village,0.629507118,0.722850511,0.600521753,0.650959794,Cluster3,0.587129492,0.383564809,1374.5,0.558899467,T,0.644489174,-0.208070147,-0.004381827,-0.040088909,0.998427865,-0.809066862,-0.164269455,0.715262888,1.144416633,-0.327149693,0.674709744,0.991099375,-0.561833393,0.325034447
9400ZZMADNE,53.43031,-2.311326,metrolink,Dane Road,0.575178408,0.454689115,0.39008067,0.473316064,Cluster3,0.632474056,0.450154442,2117.5,0.698191374,T,0.308006474,-0.208070147,-0.004381827,-0.728825333,0.292473371,-0.809066862,-1.721748992,-0.414873785,-0.108019462,-0.024716869,-0.522270796,0.745872637,-1.774120921,-0.24204825
9400ZZMADRO,53.479453,-2.144672,metrolink,Droylsden,0.698912802,0.700289307,0.438632616,0.612611575,Cluster3,0.376735331,0.356356099,1129,0.552562524,T,1.045583354,-0.918041684,-0.004381827,0.867884114,0.482967904,-0.809066862,-0.044612997,1.008297131,0.947638037,0.043537692,-0.222295664,-0.694113199,-0.561833393,0.967670914
9400ZZMAECC,53.482893,-2.334584,interchange,Eccles,0.665649948,0.275844534,0.733702716,0.558399066,Cluster4,0.784806519,0.515951787,3072.5,0.634469716,T,0.454688632,0.930547947,1.897850467,0.276162258,0.771660881,0.512022675,-1.616258613,-1.331576664,-1.394235587,-0.277987433,0.30010796,0.390681138,0.907162646,0.725801112
9400ZZMAECS,53.485375,-2.201339,metrolink,Etihad Campus,0.632642892,0.384272331,0.663969091,0.560294771,Cluster4,0.713549172,0.487715625,2634,0.787440575,T,1.387092387,-0.918041684,-0.004381827,0.215769432,0.447590089,-0.809066862,1.610768585,-0.892045038,-0.855407328,0.034111761,0.650060157,1.615457252,0.364766735,-1.869599507
9400ZZMAEDY,53.412055,-2.217255,interchange,East Didsbury,0.587872494,0.624669498,0.72978517,0.647442388,Cluster1,0.621278402,0.448505244,2096.5,0.635382049,T,0.605955921,2.087895329,1.167670573,0.393169079,1.002872466,0.934328554,-0.837289139,0.366397002,0.553477236,0.373815395,0.277209216,0.745272657,0.572656358,0.648235299
9400ZZMAELN,53.480865,-2.16523,metrolink,Edge Lane,0.665449106,0.496284128,0.516697743,0.559476992,Cluster3,0.491805206,0.414089742,1689,0.670045668,T,1.129241124,-0.918041684,-0.004381827,0.335274251,0.877961117,-0.809066862,0.907849379,0.266211001,0.218125838,0.012398859,-1.918279829,-0.156535907,-0.456300703,0.99951311
9400ZZMAEVC,53.465714,-2.341982,metrolink,Barton Dock Road,0.538715727,0.071463047,0.846467871,0.485548882,Cluster4,0.422507009,0.230652864,363,0.47119627,F,0.272052356,-0.918041684,-0.004381827,-0.323282515,-1.163891951,-0.809066862,-1.607583822,-2.536329192,-2.46458197,0.207696734,0.458130802,1.27666425,1.469553712,-0.348357531
9400ZZMAEXC,53.467837,-2.282315,metrolink,Exchange Quay,0.585011301,0.385706122,0.880820308,0.617179243,Cluster4,0.749694362,0.399319678,1531.5,0.685086355,T,0.922246042,-0.918041684,-0.004381827,0.215769432,-1.163891951,-0.809066862,-0.649321109,-1.386696531,-0.898236304,2.383723228,1.483185168,0.598483149,2.163859343,0.15559457
9400ZZMAEXS,53.484471,-2.24267,metrolink,Exchange Square,0.919797548,0.772019277,0.919221155,0.870345993,Cluster1,0.87055572,0.435816788,1939.5,0.382380656,F,1.17149988,-1.855739169,-0.004381827,2.775531412,1.754578203,-0.809066862,-0.329141029,0.499347526,1.25674635,-0.111795221,2.159471361,1.580110739,1.366768006,0.529820929
9400ZZMAFIR,53.451291,-2.277719,metrolink,Firswood,0.547588269,0.849590118,0.625348847,0.674175745,Cluster3,0.764867182,0.653587664,5901.5,0.486987135,F,0.88170676,0.015431916,-0.004381827,-0.399244647,0.090244882,-0.809066862,0.640723458,1.642663963,1.477510708,-0.209929773,0.867046233,0.703407175,0.19460958,-0.285957179
9400ZZMAFRE,53.537616,-2.13817,metrolink,Freehold,0.552229775,0.600221151,0.470256262,0.540902396,Cluster3,0.422507009,0.553689239,3730,0.527461143,T,0.028397382,-0.208070147,-0.004381827,0.449905535,0.658630014,0.286165354,-0.093542774,0.965831518,0.287854845,-0.25764611,-1.024634757,-1.384522319,0.267685929,1.154392186
9400ZZMAFWH,53.510619,-2.162932,metrolink,Failsworth,0.627996939,0.606186011,0.484729072,0.572970674,Cluster3,0.55212118,0.604003714,4742,0.491902987,F,0.605955921,-0.208070147,-0.004381827,0.215769432,0.679891785,-0.809066862,-0.232576105,0.486489534,0.473140087,0.026335992,-0.222295664,0.452935013,-1.033936734,0.426370193
9400ZZMAGMX,53.474747,-2.251098,interchange,Deansgate - Castlefield,0.867007197,0.810586801,0.995052824,0.890882274,Cluster1,1,1,19455.5,0.423692812,F,1.129241124,2.038203206,3.047669778,0.717986286,1.691287018,-0.809066862,-1.751660087,1.175715229,1.163017483,-0.189688201,1.766290874,2.117238278,0.948069151,1.664741
9400ZZMAHCY,53.474027,-2.291321,metrolink,Harbour City,0.819915245,0.585560977,0.821155943,0.742210721,Cluster1,0.604310041,0.281611942,607,0.334598635,F,0.841454056,-0.918041684,1.167670573,0.717986286,1.628093767,-0.809066862,-1.091548379,-0.193065692,0.230029695,-0.214079316,1.556104649,0.606583557,1.793040831,-0.107452129
9400ZZMAHEA,53.530494,-2.267177,metrolink,Heaton Park,0.526105714,0.583653442,0.360538479,0.490099212,Cluster3,0.485635044,0.439969566,1990,0.742821978,T,0.417588238,-0.208070147,-0.004381827,-0.108057085,0.679891785,0.857515904,-0.317876939,0.254264521,0.339844184,0.020884331,0.088909027,0.030224474,-1.308265475,-0.291194456
9400ZZMAHOL,53.519844,-2.147494,metrolink,Hollinwood,0.556422073,0.450175933,0.604440533,0.537012846,Cluster4,0.510163068,0.588207762,4407,0.467175421,F,0.417588238,-0.208070147,-0.004381827,-0.108057085,0.877961117,1.50634574,-2.021835183,-0.318426589,-0.277120414,0.280965259,-0.522270796,0.513757378,0.549782618,-1.034578172
9400ZZMAHTN,53.483217,-2.212194,metrolink,Holt Town,0.547240602,0.586617608,0.726485804,0.620114671,Cluster1,0.74459471,0.508220417,2948,0.568089821,T,1.299995637,-0.918041684,-0.004381827,0.090858697,-1.163891951,-0.809066862,1.256611582,0.391998633,0.405722615,-0.005968641,-0.327961759,1.158248684,-0.030509485,1.045312744
9400ZZMAIWM,53.468585,-2.296767,metrolink,Imperial War Museum,0.703723262,0.365102721,0.914770984,0.661198989,Cluster4,0.681722351,0.389060627,1428,0,F,0.801487929,-0.918041684,-0.004381827,0.090858697,1.650141945,-0.809066862,-0.292465791,-1.338794635,-0.873777443,-0.326622926,1.365286621,1.701834027,1.763961358,-0.666648869
9400ZZMAKNY,53.61112,-2.123855,metrolink,Kingsway Business Park,0.404779428,0.367532076,0.493298397,0.421869967,Cluster4,0.088119573,0.356592781,1131,0.596844529,T,-1.649516631,-0.918041684,-0.004381827,-0.040088909,-1.163891951,-0.809066862,-0.605870373,-0.700246188,-0.713678139,-0.0031472,-0.600149648,-0.111884138,0.113027626,-0.746315166
9400ZZMALDY,53.483993,-2.326757,metrolink,Ladywell,0.56824355,0.389873455,0.704617721,0.554244909,Cluster4,0.749694362,0.353674203,1106.5,0.577374893,T,0.454688632,-0.918041684,-0.004381827,-0.108057085,0.896060513,1.542456451,-1.696964546,-0.627179985,-0.680337222,-2.517400711,0.277209216,1.021224902,1.011414884,-1.325109179
9400ZZMALWY,53.480613,-2.295962,metrolink,Langworthy,0.616701157,0.60306044,0.785170257,0.668310618,Cluster1,0.592880081,0.27169862,553,0.620295077,T,0.841454056,-0.918041684,-0.004381827,0.717986286,-1.163891951,-0.809066862,-0.887828944,0.215195975,0.434759641,-0.146095522,0.491996674,0.765054437,0.921061437,0.826577668
9400ZZMAMCU,53.472278,-2.296883,metrolink,MediaCityUK,0.722103361,0.365524106,0.804566311,0.63073126,Cluster4,0.55801649,0,0,0.663051357,T,0.761808378,-0.918041684,-0.004381827,0.335274251,1.650141945,-0.809066862,-0.513067271,-1.338794635,-0.873777443,-0.247582974,1.358849906,1.186101835,1.581623117,-1.14424071
9400ZZMAMFT,53.39188,-2.279828,metrolink,Martinscroft,0.672085524,0.561301239,0.582096491,0.605161084,Cluster3,0.252757015,0.471362311,2400,0.524549658,T,0.028397382,-0.918041684,-0.004381827,0.666298949,0.771660881,-0.809066862,-1.278889482,0.732631472,0.627650545,0.095593145,-2.395886799,-0.038706451,0.020678462,0.87098186
9400ZZMAMIL,53.608112,-2.112088,metrolink,Milnrow,0.443575034,0.588466664,0.258145145,0.430062281,Cluster2,0.111463387,0.375239952,1296,0.493930321,F,-1.62202133,-0.918041684,-0.004381827,0.560117032,0.388048153,1.175233446,-0.907317347,0.305337783,0.327741516,0.024133754,0.119380092,-0.915350745,-1.308265475,-0.13471867
9400ZZMAMKT,53.481917,-2.238783,metrolink,Market Street,0.890502493,0.737833422,0.992285879,0.873540598,Cluster1,0.852049013,0.174948447,182,0.362504205,F,1.17149988,0.195554564,-0.004381827,3.147253142,1.877248989,-0.809066862,-0.265499807,0.34463412,1.016805291,-0.106699756,2.240046725,1.61310649,1.488453932,1.486656326
9400ZZMAMON,53.50108,-2.210685,metrolink,Monsall,0.669898548,0.282775001,0.52437071,0.492348086,Cluster4,0.73947389,0.646888031,5735,0.640340846,T,1.299995637,-0.208070147,-0.004381827,0.768789535,0.679891785,-0.809066862,1.006956693,-0.722734253,-1.053283546,0.013601077,-1.918279829,0.089556316,-0.211360775,0.090272892
9400ZZMAMRD,53.403421,-2.295201,metrolink,Moor Road,0.634568335,0.596808507,0.61931497,0.616897271,Cluster3,0.363412061,0.543602209,3546,0.616213832,T,0.131101552,-1.631543687,-0.004381827,0.215769432,0.771660881,-0.809066862,0.004278974,0.603674027,0.53263008,-7.04E-05,-0.895663113,-0.070503423,0.878521606,-0.273710431
9400ZZMANAV,53.395723,-2.343329,interchange,Navigation Road,0.4091924,0.779420392,0.451955088,0.54685596,Cluster3,0.466970455,0.361789222,1175.5,0.568955678,T,-0.504877807,0.474713599,1.167670573,-0.249527108,0.408866077,1.367698065,1.414024196,1.28833053,1.635923635,-5.097989975,0.583417536,-0.420161967,-0.456300703,0.403895947
9400ZZMANBD,53.613381,-2.135516,metrolink,Newbold,0.451709511,0.552411939,0.594235902,0.532785784,Cluster3,0.064483823,0.345406675,1039,0.308879483,F,-1.675865979,-0.918041684,-0.004381827,-0.323282515,0.482967904,-0.809066862,0.051945583,0.452104795,-0.086819606,0.140133927,-0.174816577,0.574357366,0.422763301,-1.06412029
9400ZZMANEW,53.504125,-2.184648,metrolink,Newton Heath & Moston,0.647851681,0.381049016,0.377374562,0.46875842,Cluster3,0.604310041,0.618992916,5075,0.532067343,T,1.087268949,-0.918041684,-0.004381827,0.560117032,0.090244882,-0.809066862,0.488749754,-0.477735104,-0.823219325,0.01801142,-0.522270796,-0.379547508,-0.838477743,-0.165409892
9400ZZMANHY,53.600864,-2.094857,metrolink,Newhey,0.511005176,0.387671823,0.099562435,0.332746478,Cluster2,0.142140578,0.391983186,1457,0.629233468,T,-1.62202133,-1.631543687,-0.004381827,-0.477579955,0.679891785,-0.809066862,-1.194504644,-0.757932301,-0.617257903,0.004790012,-0.174816577,-1.393126293,-1.774120921,-0.928180709
9400ZZMANIS,53.481082,-2.219777,metrolink,New Islington,0.650517481,0.631176356,0.765922181,0.682538673,Cluster1,0.809270554,0.527097534,3258,0.145178873,F,1.214045217,-1.631543687,-0.004381827,0.335274251,0.090244882,-0.809066862,0.889702912,0.30560635,0.529493627,0.076186488,0.72103717,1.470727683,0.301557639,0.369363605
9400ZZMANMR,53.41453,-2.288222,metrolink,Northern Moor,0.616245218,0.662040209,0.319884675,0.532723368,Cluster3,0.454397905,0.582505025,4290,0.534511473,T,0.34424716,-0.918041684,-0.004381827,-0.249527108,0.482967904,-0.809066862,-1.054357384,0.990239568,0.829956281,0.093183053,-0.895663113,-1.190880323,-0.364724534,-0.526509929
9400ZZMAOKS,53.539571,-2.117187,metrolink,Oldham King Street,0.628110537,0.373412483,0.839596403,0.613706474,Cluster4,0.329616918,0.513953754,3040,0.53530806,T,-0.356628838,-0.918041684,-0.004381827,1.44463838,0.624416887,-0.809066862,0.771850313,-0.619802249,-1.217127672,0.117876035,0.583417536,0.720437443,1.046880935,1.606511371
9400ZZMAOLD,53.456435,-2.284559,metrolink,Old Trafford,0.602850625,0.546611872,0.789933539,0.646465345,Cluster1,0.779852615,0.492953291,2712,0.570830137,T,0.801487929,-0.918041684,-0.004381827,0.026183463,0.090244882,-0.809066862,0.309288491,0.036924314,-0.153391212,0.115566551,0.858425762,0.938501839,1.05832095,0.251389385
9400ZZMAOMC,53.540277,-2.112179,metrolink,Oldham Central,0.611056579,0.280197523,0.799111902,0.563455335,Cluster4,0.309001266,0.491419277,2689,0.660614171,T,-0.504877807,-0.208070147,-0.004381827,1.44463838,0.975362336,-0.809066862,0.989428702,-1.32869763,-1.49925096,0.106058765,0.583417536,0.895889054,0.892986492,0.86207233
9400ZZMAOMP,53.542406,-2.103433,metrolink,Oldham Mumps,0.482249092,0.380859759,0.642754937,0.501954596,Cluster4,0.274067345,0.466561161,2334,0.512911376,T,-0.673320421,-0.918041684,-0.004381827,1.056893254,0.960797955,1.551937695,1.34567445,-0.528296586,-1.046878645,-0.325724714,0.228774521,0.49132674,-0.283825449,1.503995582
9400ZZMAPAR,53.46735,-2.309081,metrolink,Parkway,0.50688372,0.035505182,0.794813625,0.445734175,Cluster4,0.528294198,0.300936373,722,0.852083937,T,0.644489174,-0.918041684,-0.004381827,-0.399244647,-1.163891951,-0.809066862,0.180867503,-2.536329192,-2.46458197,-0.218965624,-0.387219277,1.223796063,1.091578305,-0.327665529
9400ZZMAPGD,53.480222,-2.23686,metrolink,Piccadilly Gardens,0.948357347,0.941041156,1,0.963132834,Cluster1,0.875134683,0.45683631,2204,0.210959509,F,1.214045217,-1.631543687,-0.004381827,3.121839104,2.037748179,-0.809066862,-0.215782588,1.726801365,1.803504698,-0.108780291,2.217415005,1.413965108,1.536548456,1.931961843
9400ZZMAPIC,53.477214,-2.230952,interchange,Piccadilly,0.801224558,0.764532768,0.841463442,0.802406923,Cluster1,0.915502914,0.873483759,13282.5,0.291363193,F,1.256877136,2.258113931,2.766465744,2.171990687,2.054122358,1.627789703,0.130052374,0.932637271,0.854226869,-0.146468265,1.915456874,1.604464971,1.201753175,-0.534710642
9400ZZMAPLL,53.373708,-2.250413,metrolink,Peel Hall,0.598914751,0.466313613,0.583573747,0.549600704,Cluster4,0.064483823,0.241921999,410,0.515253409,T,-0.137044988,-0.918041684,-0.004381827,0.154026653,0.935175618,-0.809066862,0.137181937,-0.256409124,-0.191073112,0.215216914,-0.45168402,-0.100202991,0.19460958,0.64609689
9400ZZMAPOM,53.466578,-2.275137,metrolink,Pomona,0.623297102,0.518431701,0.71970451,0.620477771,Cluster4,0.823707603,0.562092581,3888,0.627305293,T,0.9630719,-0.918041684,1.167670573,0.090858697,-1.163891951,-0.809066862,-0.251814877,-0.587357795,-0.261947031,2.825760528,1.318270712,0.844453637,1.873845806,-2.569411665
9400ZZMAPWC,53.533372,-2.281981,metrolink,Prestwich,0.597086548,0.68585717,0.430318294,0.571087337,Cluster3,0.460697201,0.40586079,1600,0.645036649,T,0.380774414,-0.918041684,-0.004381827,0.335274251,1.015892205,1.189774409,-1.187091043,0.66128704,0.817282415,0.124228231,0.554480886,-0.97199182,0.301557639,-0.481913113
9400ZZMAQRD,53.501707,-2.226653,metrolink,Queens Road,0.519996274,0.400751955,0.576133687,0.498960639,Cluster4,0.754772934,0.541588584,3510,0.683070119,T,1.17149988,-0.208070147,-0.004381827,0.026183463,-1.163891951,-0.809066862,1.110022586,-0.365158099,-0.778607303,-0.009788617,-0.387219277,0.656251246,-0.283825449,-0.015293425
9400ZZMARAD,53.562305,-2.321003,metrolink,Radcliffe,0.401304599,0.445658007,0.562004582,0.469655729,Cluster4,0.30207225,0.240997048,406,0.581512753,T,-0.475801116,-0.918041684,-0.004381827,-0.040088909,0.235070945,1.587739912,0.9670393,-0.169571962,-0.180808399,-0.018437294,-1.17737452,0.786561092,-0.456300703,-0.160010028
9400ZZMARIN,53.61733,-2.155317,metrolink,Rochdale,0.44826114,0.536980733,0.718875352,0.568039075,Cluster4,0.064483823,0,0,0.581036815,T,-1.72512687,-0.918041684,-2.230954685,1.235067956,0.700059247,-0.809066862,0.090303745,0.114845657,-0.47358664,0.983089533,1.021974381,-0.092845837,0.733059424,1.847802223
9400ZZMARND,53.392604,-2.289155,metrolink,Roundthorn,0.65190402,0.462308133,0.55901807,0.557743408,Cluster4,0.288127804,0.497831458,2786,0.587383723,T,-0.071727723,-0.918041684,-0.004381827,0.613689447,1.036612817,-0.809066862,-0.429304877,-0.072692523,-0.131883458,0.329222346,-1.17737452,-0.097586268,-0.283825449,1.24884481
9400ZZMARRS,53.611021,-2.154447,interchange,Rochdale Railway Station,0.580714354,0.597347777,0.647588412,0.608550181,Cluster3,0.103714329,0.472441327,2415,0.54355593,T,-1.607843943,1.639052282,1.897850467,0.867884114,0.980092334,-0.809066862,-0.276107635,0.729944677,-0.104267971,0.331148829,0.322203805,0.033301008,0.549782618,0.725801112
9400ZZMARWD,53.376315,-2.25853,metrolink,Robinswood Road,0.617343925,0.53699415,0.764947227,0.639761767,Cluster1,0.095933102,0.315275529,816,0.497950424,F,-0.232871693,-1.631543687,-0.004381827,0.215769432,0.810482477,-0.809066862,-0.134439577,0.150438883,0.027348914,-0.373594654,-0.011892265,0.729341131,0.267685929,1.96644822
9400ZZMASCH,53.526516,-2.145269,metrolink,South Chadderton,0.657465362,0.564290055,0.485837251,0.569197556,Cluster3,0.466970455,0.571498219,4070,0.576520522,T,0.201003822,-0.918041684,-0.004381827,0.215769432,0.679891785,-0.809066862,-1.490422347,0.492408818,0.417578974,-0.737066764,-1.024634757,-0.135430372,0.450063784,-1.563102022
9400ZZMASDW,53.367573,-2.252511,metrolink,Shadowmoss,0.433948887,0.41316615,0.419564417,0.422226485,Cluster2,0.040552486,0,0,0.194395218,F,-0.356628838,-0.918041684,-2.230954685,-0.477579955,0.771660881,-0.809066862,0.183929287,-0.533400167,-0.591877543,0.051406319,-0.130346548,-0.387651247,0.068374668,-1.378260646
9400ZZMASFD,53.446086,-2.303793,metrolink,Stretford,0.550594655,0.659636846,0.770111596,0.660114365,Cluster1,0.687081905,0.472333624,2413.5,0.667714428,T,0.644489174,-0.918041684,-0.004381827,0.154026653,0.292473371,1.167526054,-0.612510847,0.379876693,0.424030697,3.618714808,0.763862817,1.091276134,0.878521606,-0.024597769
9400ZZMASHA,53.576159,-2.089546,metrolink,Shaw and Crompton,0.398467616,0.542496026,0.279685004,0.406882882,Cluster2,0.179779062,0.407174864,1614,0.454877304,F,-1.264130612,-0.918041684,-0.004381827,0.026183463,0.679891785,1.238626665,0.780370858,0.236006247,0.236249357,0.033511236,-0.686848549,-1.690691781,-0.283825449,-0.374071307
9400ZZMASHU,53.48529,-2.23908,metrolink,Shudehill,0.837275902,0.836089924,0.985219927,0.886195251,Cluster1,0.837966355,0.159325271,145,0.380803822,F,1.17149988,0.195554564,-0.004381827,2.455837486,1.749768075,-0.809066862,-0.07766252,0.813511059,1.648710959,-0.115013153,2.091654545,1.415115756,1.344314721,2.087158075
9400ZZMASLE,53.424438,-2.318852,metrolink,Sale,0.544278668,0.833179207,0.769860423,0.715772766,Cluster1,0.604310041,0.42669053,1831.5,0.493270439,F,0.131101552,-0.208070147,-0.004381827,0.393169079,0.817795696,1.092039818,-0.656137037,1.314822363,1.685258084,0.291244992,0.610995688,0.009714168,0.784933886,2.422167135
9400ZZMASQY,53.470359,-2.283974,metrolink,Salford Quays,0.612707414,0.667488134,0.844716606,0.708304051,Cluster1,0.687081905,0.364424392,1198.5,0.53653276,T,1.004184338,-0.918041684,-0.004381827,0.449905535,-1.163891951,-0.809066862,-0.946717627,0.272712702,0.592792427,-0.192714502,1.65193597,0.229470665,2.257541156,0.080745408
9400ZZMASTP,53.478215,-2.243117,metrolink,St Peter's Square,1,0.723853721,0.99348421,0.90577931,Cluster1,0.924271087,0.495534988,2751,0.348981646,F,1.17149988,0.015431916,1.897850467,3.044603028,1.997061478,-0.809066862,-0.83183076,0.532351583,0.694991563,-0.110132559,2.218181423,1.323291426,1.450141978,2.193462397
9400ZZMASTW,53.438717,-2.265428,metrolink,St Werburgh's Road,0.678251481,0.699897875,0.759545959,0.712565105,Cluster1,0.687081905,0.668118837,6273.5,0.63395598,T,0.922246042,0.195554564,1.167670573,0.090858697,0.907659692,-0.809066862,0.38261333,0.737024811,0.855678868,0.952064236,0.458130802,1.990437949,0.267685929,-0.749402475
9400ZZMASWP,53.428231,-2.290828,metrolink,Sale Water Park,0.381019229,0,0.481903868,0.287641032,Cluster4,0.546201397,0.600020611,4656,1,T,0.454688632,-0.918041684,-0.004381827,-2.827374295,0.482967904,1.564483652,-1.609107752,-2.536329192,-2.46458197,0.00114723,-1.363507687,1.230845334,-0.838477743,-1.665601104
9400ZZMATIM,53.40452,-2.338256,metrolink,Timperley,0.49075532,0.719728771,0.374787966,0.528424019,Cluster3,0.504069112,0.373120793,1276.5,0.530990165,T,-0.264240813,-0.918041684,-0.004381827,-0.558475725,0.292473371,-0.809066862,0.998487878,0.850835056,1.126656084,0.387923851,0.148501361,-0.586926972,-0.561833393,-0.382605347
9400ZZMATRA,53.461845,-2.277049,metrolink,Trafford Bar,0.553408232,0.326636522,0.794817467,0.558287407,Cluster4,0.852049013,0.747745147,8588,0.716784489,T,0.922246042,0.015431916,1.167670573,-0.477579955,-1.163891951,-0.809066862,0.022463607,-1.310570017,-1.263973681,0.245294256,1.136227343,0.745887681,1.313237432,0.182764201
9400ZZMATRC,53.467899,-2.347799,metrolink,The Trafford Centre,0.484106349,0.073632967,0.822547783,0.4600957,Cluster4,0.376735331,0,0,0.960748948,T,0.236384805,-1.631543687,-2.230954685,0.276162258,-1.163891951,-0.809066862,-1.462345816,-2.536329192,-2.46458197,0.165887775,0.524056569,1.649925367,1.576141024,-1.778523013
9400ZZMAVIC,53.487394,-2.241948,interchange,Victoria,0.880183942,0.963566826,0.893697208,0.912482659,Cluster1,0.897747138,0.875407399,13365,0.323750604,F,1.17149988,2.119223956,3.451579452,1.564202218,1.516726764,-0.809066862,-0.077131803,1.562174883,2.3346977,-0.140322306,1.892791288,1.268810355,0.999188978,1.526358743
9400ZZMAVLG,53.467395,-2.309066,metrolink,Village,0.506941698,0.035501,0.794359833,0.445600844,Cluster4,0.587129492,0.35010301,1077,0.852083937,T,0.644489174,-0.918041684,-0.004381827,-0.399244647,-1.163891951,-0.809066862,0.178834153,-2.536329192,-2.46458197,-0.219460654,-0.387219277,1.219939151,1.091578305,-0.327665529
9400ZZMAVPK,53.482279,-2.193022,metrolink,Velopark,0.635322651,0.383399617,0.831926051,0.616882773,Cluster4,0.621278402,0.465752312,2323,0.761027241,T,1.256877136,-0.918041684,-0.004381827,0.215769432,0.636153652,-0.809066862,1.564618236,-0.892045038,-0.855407328,-0.011514846,0.637328768,1.641661343,0.84867653,-0.011566159
9400ZZMAWFD,53.551227,-2.295261,metrolink,Whitefield,0.536834763,0.704550248,0.478073849,0.573152954,Cluster3,0.370087494,0.314098871,808,0.61186685,T,-0.005264215,-0.918041684,-0.004381827,0.613689447,0.612321753,1.523680949,-0.589077087,0.888591211,0.817282415,0.259250079,0.458130802,-1.016289256,-0.145728696,1.427566966
9400ZZMAWFS,53.466217,-2.287502,metrolink,Wharfside,0.588681522,0.365466718,0.86351985,0.605889363,Cluster4,0.749694362,0.421774414,1775,0.504056214,F,0.88170676,-0.918041684,-0.004381827,0.393169079,-1.163891951,-0.809066862,-0.496496618,-1.386696531,-0.898236304,-0.342376425,1.556104649,1.155917017,2.123749408,-1.22090501
9400ZZMAWIT,53.43281,-2.249407,metrolink,Withington,0.633780675,0.461152244,0.328380154,0.474437691,Cluster3,0.632474056,0.407548935,1618,0.762162686,T,0.801487929,-0.918041684,-0.004381827,-0.108057085,0.737511188,-0.809066862,0.104981993,-0.136582539,0.245277041,0.002923945,-1.918279829,-0.42620338,-0.561833393,-1.536178389
9400ZZMAWPK,53.407671,-2.295666,metrolink,Wythenshawe Park,0.601628113,0.642139167,0.551502785,0.598423355,Cluster3,0.409564543,0.563767015,3920,0.541454559,T,0.131101552,-0.918041684,-0.004381827,-0.177829759,0.771660881,-0.809066862,-0.348901387,0.909602053,0.889424701,0.078347043,-1.363507687,-0.296563584,0.113027626,0.665373989
9400ZZMAWST,53.482488,-2.308,metrolink,Weaste,0.532477056,0.616040646,0.504981811,0.551166504,Cluster3,0.654589012,0.311871815,793,0.597721494,T,0.683309001,-0.918041684,-0.004381827,-0.323282515,-1.163891951,-0.809066862,-0.470752335,0.517031021,0.381355895,-0.153550984,0.228774521,-0.225317072,-0.085745029,0.128584201
9400ZZMAWTD,53.424477,-2.236039,metrolink,West Didsbury,0.673647049,0.877555162,0.596606577,0.715936262,Cluster3,0.598606898,0.380632221,1346.5,0.452673661,F,0.722415402,-0.208070147,-0.004381827,0.717986286,1.122321855,-0.809066862,0.273880163,1.519732613,2.20758708,-0.516725883,0.148501361,0.807724795,-0.283825449,0.031525445
9400ZZMAWWD,53.542321,-2.125871,metrolink,Westwood,0.606568413,0.475064678,0.793907025,0.625180039,Cluster4,0.363412061,0.53460431,3387,0.409169293,F,-0.264240813,-0.208070147,-0.004381827,1.147241131,0.679891785,-0.809066862,0.529882219,0.159356805,-0.681107313,0.185348394,-0.011892265,0.382819656,0.974088257,1.659656866
9400ZZMAWYT,53.380025,-2.263755,metrolink,Wythenshawe Town Centre,0.639458412,0.619428064,0.716407853,0.658431443,Cluster1,0.126865526,0.366632611,1218,0.543399257,T,-0.137044988,-0.918041684,-0.004381827,0.560117032,0.810482477,-0.809066862,-0.656928339,0.718937555,0.400861698,-0.377392551,-0.174816577,0.769482156,0.19460958,1.184925056
