NPTREF,near_station,freq,line,bus_route,bike_capacity,car_park,near_highway,sum_pop,sum_lab,entropy,poi_count,access_lane,intersection,pedstrain,dc,cc,bc,greenspace
9400ZZMAABM,0.9630719003591538,-0.20807014683232342,-0.004381826512484028,0.39316907907052584,-1.16389195084171,0.10354992550822768,0.6617451061038598,1.7477610072364502,0.6839271022440058,0.08203824281751758,-0.04914655735247061,0.14187733279205914,-0.45630070319001154,0.1866586098209058,-0.13702236918421307,0.779878630836755,0.6920059393824971,-0.3374771414993667
9400ZZMAALT,-0.7271755887418744,1.722076691749406,-0.004381826512484028,-0.17782975909237428,0.8320142447239519,1.2438894148287536,1.671543387704607,0.24064666106970126,0.5127240920412091,-0.3190509288094268,1.2419033570116715,-1.1752238392014644,0.6962379147282979,0.6268904527664079,0.24099448414346153,-0.32767734463624437,-0.783087362549189,0.44106000116321015
9400ZZMAANC,0.9630719003591538,-1.63154368671706,-0.004381826512484028,0.44990553451742044,0.29247337051705696,-0.8090668620104065,-1.42163755301064,0.6860097882137789,1.1147789891098654,-0.11174954717019138,1.5096153550126583,-0.10680892908698558,2.067495950208893,-0.34319463328343947,-1.46610884595059,0.6873245203650118,-0.30354570473725145,-0.6489197827712401
9100ARDWICK,1.1714998804121892,-2.5647324170514145,-0.004381826512484028,-0.17782975909237428,-1.16389195084171,-0.8090668620104065,1.1253869853359335,-1.2660213239930946,-1.4919926449257583,0.48487576020800954,-0.011892264720582201,0.10222613662773138,-0.45630070319001154,-1.706443596842734,0.24099448414346153,1.4676060601108925,1.4672632476203589,0.28076197799428737
9100ASHBRYS,1.2140452174629959,1.3608457226807633,1.1676705726346626,-0.04008890910524129,-1.16389195084171,-0.8090668620104065,1.7594050934452643,-0.6310522324771184,-0.976023594479147,-1.6053757564463798,-0.38721927702890574,-0.41416654769913247,0.6162949318463988,0.241524195648716,0.9188126025309645,1.1136131435222374,1.4381040709132524,-0.33792375950965314
9400ZZMAAMO,0.683309000712307,-0.9180416835998777,-0.004381826512484028,-1.4499877509647587,0.6244168873272533,1.5950034651050646,-1.306460321983338,-1.362092166826379,-1.1941865589619245,-0.011797210093138354,-1.3635076872251168,1.0420676528381474,0.26768592856571183,-0.6981069189875071,-0.13702236918421307,-0.7831731017661756,-0.5180481256554574,1.5743539056552636
9400ZZMAAWT,0.2363848054239241,-0.9180416835998777,-0.004381826512484028,-0.399244647229512,0.6798917851329378,1.5099236808831906,-1.3848786536001774,-0.49718470232722994,-0.7882654197264544,-0.015328323173268148,-0.6001496476887948,0.564828892507992,0.5948124922080744,-0.3311216792562646,0.24099448414346153,-0.9018431599124748,-0.6573914074065168,0.9228788622664408
9400ZZMAAUL,0.06234554182338959,0.34593772934816125,1.1676705726346626,0.8678841137352403,1.1527694099594619,1.1826431306981866,-0.1796315860102392,-0.07683772131995822,-0.11490881996932467,-0.006401665633346152,0.5544808861212136,0.4319512161138826,0.9991889784798417,2.3713551100794366,2.071336246716877,-0.8719910368389878,-0.086839772182836,-0.2057255391551516
9100ATHERTN,-1.5167632007918235,0.8567740403597229,-0.004381826512484028,-0.4775799552409926,-0.06236569484174149,1.3393339369621544,0.3546731455367294,0.1654762693327062,0.1752849857280501,0.03581682166762239,-0.8956631133729159,-0.6145694962191329,-1.3082654746671107,-0.48523475173195835,0.5238699226534054,-0.1376971803763251,0.5833469578923596,-1.4179631519360494
9400ZZMAAUD,0.8414540564273989,-0.9180416835998777,-0.004381826512484028,-0.8187963887968881,0.6798917851329378,-0.8090668620104065,-1.3952994864461017,-0.2839691447972592,-0.13125312264931235,0.007333561064143737,-0.4516840195667654,0.1374877437189436,0.33387200772821984,0.7519097459394326,-0.13702236918421307,-0.6375742899446666,-0.33937973094718127,0.48035726107738846
9400ZZMABAG,-0.03863924946654831,-0.9180416835998777,-0.004381826512484028,0.5055380297473534,0.7716608806824711,-0.8090668620104065,0.001457486930960772,-0.4894569428446887,-0.5711670047976496,0.29709326806653175,-1.5996715401915051,0.017296052865519104,0.7148880062023342,-0.8631953358458818,-0.667642295201235,-0.666453286698199,0.701916232998665,0.27595811011150756
9400ZZMABAR,0.7618083777142834,-0.9180416835998777,-0.004381826512484028,0.2761622582904315,-1.16389195084171,-0.8090668620104065,-0.12199839148478402,0.7142825000489865,0.8133753708313085,0.11787815262789654,0.3841574519774348,1.69984997547601,0.6962379147282979,0.32503444687694005,-0.13702236918421307,0.6639453735289372,1.188914840196366,0.724010140588762
9400ZZMAEVC,0.2720523558715877,-0.9180416835998777,-0.004381826512484028,-0.3232825151439334,-1.16389195084171,-0.8090668620104065,-1.6075838219881937,-2.5363291916475497,-2.464581969751074,0.207696733528547,0.4581308020439037,1.276664250423822,1.4695537116797899,-0.34835753069486836,0.24099448414346153,-0.19141624939504906,-0.79454705811023,-0.691772154050416
9100BLLVUE,1.0872689490052598,0.1955545635545813,-0.004381826512484028,0.7687895347234337,-1.16389195084171,-0.8090668620104065,1.302240609015445,0.648379736577746,0.13714985017826234,0.0031272958126006725,-0.38721927702890574,-1.3628718044592092,0.5016838090700771,1.503995582367511,-0.13702236918421307,0.710607020715365,0.3650962428931239,0.23333789698082336
9400ZZMABLL,-0.0052642146915315565,-0.9180416835998777,-0.004381826512484028,0.2761622582904315,0.7716608806824711,-0.8090668620104065,-1.0064283100281648,1.7929023578403653,1.3852389517425983,-0.46068260970557057,-1.0246347574000603,0.1953840805732559,0.3015576389385521,0.4530626697388583,-0.13702236918421307,-1.1761510771645578,0.2898820091227472,-0.732434426721454
9400ZZMABOB,0.20100382176301945,-0.20807014683232342,-0.004381826512484028,-0.2495271077334797,0.23507094489284447,0.7514161760155881,-2.0471972518907835,0.6202077679287423,0.7295068670464169,0.1523137572648872,-0.011892264720582201,-1.3062355361648217,0.23209806685410284,0.6375519838087412,-0.667642295201235,-0.21844314750286098,-0.1024627962311681,-0.10430037964517509
9100BLRD,-1.8900804371671327,0.1955545635545813,-2.230954684808041,-1.8545000517188532,-1.16389195084171,1.3449252638163878,0.24336029588012323,-0.5484218056262997,-0.34809320723487025,-0.00025783461081631823,-1.5996715401915051,-1.998845268575898,-1.7741209205724526,-1.4279032426770595,-0.667642295201235,-1.5256071546763998,-1.9803064043166851,-1.3684162053162057
9100BOLTON,-1.5933800616569118,1.7478554027077586,1.8978504667569414,1.6796095121111345,0.907659691629932,1.1423936062901656,0.9676527095810756,-1.3063030882638518,-1.2994853177397008,-5.154930063072893,1.3457063570967582,0.787355199957642,1.3132374321865197,0.9179932098805854,2.0603492610226724,-0.666453286698199,0.26379542324788174,-0.1882865378579451
9400ZZMABOW,0.7224154017926536,-0.20807014683232342,-0.004381826512484028,-1.11190394886421,-1.16389195084171,-0.8090668620104065,-0.10196693057523191,0.4596250671901495,0.3216754241506244,0.06454835091168722,-0.38721927702890574,-0.7572450443879187,-1.7741209205724526,-0.050545013896378194,-0.667642295201235,0.3013837132995772,0.4339889908817323,0.5287957654642399
9100BMHL,-0.6459630203504532,0.1955545635545813,-2.230954684808041,-0.3232825151439334,-0.20372210511137906,-0.8090668620104065,1.5517801183724254,0.21739155724739484,0.10270165753385356,0.4873312643546276,-0.4516840195667654,-1.998845268575898,-1.3082654746671107,-0.17080282303443506,-0.13702236918421307,-0.7245714299418737,-1.9803064043166851,0.19495559030968496
9100BREDBRY,0.2363848054239241,0.8567740403597229,-0.004381826512484028,-1.11190394886421,-0.20372210511137906,1.4060942011855575,-0.3271084562078973,0.54889041017075,0.5341973834682566,-0.19324131163124872,-0.13034654830736364,-1.1425775256552584,-0.030509484872977045,-1.1915564960634468,0.24099448414346153,-0.4387366800448344,-0.29893818022992086,-0.24484317455000804
9100BRNGTN,0.5677092405784312,0.8567740403597229,-0.004381826512484028,-0.912375532990537,-1.16389195084171,-0.8090668620104065,-1.1283894274847173,-0.050860309745893055,-0.5404138577339233,-0.008988781779661208,-0.4516840195667654,-0.09815391366769338,-1.3082654746671107,-0.49352609666683483,0.5238699226534054,-0.16450108102483513,-0.10129768840153705,1.1287209696265614
9100BRBM,-1.3229936425568463,0.8567740403597229,-2.230954684808041,-1.3312475256554488,-1.16389195084171,1.4060942011855575,-0.2762402359249574,-1.2674119317018975,-1.1328589406416865,-0.013296500144249027,-0.38721927702890574,-0.8016429584540055,-1.0339367337027616,-1.4790155613184708,-1.46610884595059,-0.7245714299418737,-1.9803064043166851,0.3316771598094206
9400ZZMABWY,0.8014879290647591,-0.9180416835998777,1.1676705726346626,0.6662989493186973,1.6631843597942908,-0.8090668620104065,-0.8245994295535924,-0.6818868772735089,-0.10364315600287234,-0.23347026021678163,1.427999587090613,0.7046101671420388,1.4822090192482975,0.22578268414145083,0.24099448414346153,0.44911719601272215,-0.7277795149973334,0.5298254523973007
9100BRMCRSS,-1.861444756757478,0.1955545635545813,-2.230954684808041,-0.6421438211422316,-0.4087405394222391,1.342156361812318,2.0566191939336234,-1.3286976299321758,-1.2963199480412457,0.04068023127555951,-1.0246347574000603,-0.9409251711993245,-1.3082654746671107,-0.22257780954465886,-1.46610884595059,-1.2698834677084696,-1.9803064043166851,-0.07933040483352134
9400ZZMABKS,-0.07172772284256185,-0.20807014683232342,-0.004381826512484028,-0.5584757248242239,0.09024488163313542,1.4193991390779541,0.17845177742868598,0.40434897743127307,0.6924794673000323,1.2544430035287764,0.8036467445499195,0.3084320263862496,0.36476673489314704,0.6804162665471427,-0.667642295201235,0.35103675673978335,0.0780150465385814,0.3531372502079436
9100BRYN,-1.9291654507738456,0.1955545635545813,-2.230954684808041,0.3352742510037168,-1.16389195084171,-0.8090668620104065,-0.7512149636174678,0.3072173921934431,0.21073692404283986,0.33353233603973387,0.08890902671811572,-0.8024652642537679,-1.7741209205724526,-0.6713854618893992,0.24099448414346153,-1.4608795006022768,-1.9803064043166851,-0.06340174166314025
9100BAGE,0.8014879290647591,0.8567740403597229,-0.004381826512484028,-0.17782975909237428,0.6798917851329378,-0.8090668620104065,0.055860743567684897,1.281962690405758,1.077124960054294,-0.2942519185881955,0.3222038053571636,-1.2795227566768734,0.5948124922080744,0.43456800569902393,-0.13702236918421307,0.870911782463084,0.3342871839174905,0.0705582672039122
9400ZZMABNR,0.8414540564273989,-0.20807014683232342,-0.004381826512484028,0.9162402378223806,1.3044939820668242,-0.8090668620104065,0.2193872056881648,2.17505818855228,2.716286516865165,1.7194484800440824,-0.011892264720582201,-0.21955469441414627,-0.2838254489889773,0.06744064878800471,-1.46610884595059,0.5932240330064354,0.045335670014362256,-0.9014074351577448
9400ZZMABUR,-0.881864073777096,-0.9180416835998777,-2.230954684808041,0.8678841137352403,1.158558835016419,1.4060942011855575,0.30330470502523554,-0.6384595531690528,-0.7786073029632214,0.11528434915250291,0.7939640888460414,0.11806146890676136,0.5016838090700771,0.4716261111646537,-0.13702236918421307,-1.0835764013374303,-1.9803064043166851,0.6354833727727711
9100CSTL,-1.1386684642791456,0.5871103215450173,-0.004381826512484028,-0.7288253326111448,-1.16389195084171,0.7911829901440633,-0.6316606183478373,-0.09435915778332696,-0.0949086857406349,0.0815697122482865,-0.08855087719635006,-0.36963688464407,-1.7741209205724526,-0.1310932248376715,0.743452466525847,-1.3647880545851165,0.5287241419120923,-0.016807475702820762
9400ZZMACEM,1.1292411244421894,-0.9180416835998777,-0.004381826512484028,0.6662989493186973,0.8779611173354882,-0.8090668620104065,0.40504893796501734,0.34596431916151904,0.3601109257421708,0.013781885718061269,-0.273183376315859,-0.31496781201777696,-0.5618333934560582,0.5802377055022211,-0.13702236918421307,-0.19141624939504906,0.010907649904888789,0.6115291826140576
9400ZZMACTP,1.299995636979585,-0.20807014683232342,-0.004381826512484028,0.39316907907052584,0.6361536517287564,-0.8090668620104065,1.0560436314834845,-1.2462008137138263,-1.5041121785651093,0.0584010150177482,-2.395886799140819,-0.6142517587645029,-0.1457286961078308,-0.48523475173195835,-0.13702236918421307,0.8934353593334575,1.2752258133990402,0.22128981549335458
9100CHASNRD,-0.10452963551901868,0.1955545635545813,-0.004381826512484028,-0.8187963887968881,-1.16389195084171,-0.8090668620104065,0.020389518638533697,0.5509217932034264,0.6485262093322849,7.211642197744211,0.7534579463704588,-1.998845268575898,0.19460958022690758,-0.8211617661176872,-0.667642295201235,0.07278320011530019,-0.44639409659441254,0.9274443101294229
9100CHDH,-0.03863924946654831,1.2247376464301518,-0.004381826512484028,-0.6421438211422316,-0.20372210511137906,1.4060942011855575,0.3866248527976694,0.6041759181659494,0.7344858826519829,0.45572452842209904,0.6109956875432218,-1.7537839647460571,-0.030509484872977045,-0.1473833001603302,1.0620644636840675,-0.24558223925900377,-0.8075010734669548,-0.33564664831065616
9400ZZMACHO,0.8014879290647591,0.015431916406891412,-0.004381826512484028,0.2761622582904315,0.8249713204624723,-0.8090668620104065,0.47790806602624,1.8519311060456842,2.3229465810973067,-0.15289748396846398,1.2581723350469776,1.6415985170903684,0.3015576389385521,0.7344898594582757,-1.46610884595059,1.1351334371735802,1.324160121859079,-1.1256176128561326
9400ZZMACLN,1.299995636979585,-0.9180416835998777,-0.004381826512484028,0.2157694317146406,0.7097655110653261,-0.8090668620104065,1.4282849021975605,0.36586751998940165,-0.20718144351193982,0.04515858941460248,-0.6001496476887948,0.6878760328849389,0.06837466775241119,0.6782647409712845,-0.13702236918421307,0.3013837132995772,0.2890488363002188,-0.1419343918470063
9100CLTN,0.3807744143983273,-2.5647324170514145,-0.004381826512484028,-2.5822699606227726,-1.16389195084171,-0.8090668620104065,-0.4004097280450056,-0.6757944257193281,-0.833896144370806,0.22491940669856034,-1.1773745199118375,-0.17105895881499772,-1.7741209205724526,-1.6767132171039445,1.3682483920864787,1.1351334371735802,0.6577407171968225,0.6643437257396259
9400ZZMACRN,1.004184337520926,0.8567740403597229,1.1676705726346626,-0.10805708476022577,0.7192358482391751,-0.8090668620104065,-0.4174522157155633,1.2716270257613207,1.5312600933125469,-0.00874167392044016,0.6866488568914894,1.4455533920991424,1.6737617016735926,-1.462092462216239,0.9188126025309645,1.9449281995964547,2.2525793269297325,-0.9645023425651841
9400ZZMACSS,-0.0052642146915315565,-0.9180416835998777,-0.004381826512484028,0.7179862861196357,0.8104824774780588,-0.8090668620104065,-0.6416001522450593,1.4695478367054058,1.0284659078688463,-0.3744733015774915,-0.04914655735247061,0.39517425644815035,0.47634607241917265,1.2132494205262392,-0.667642295201235,-1.2385098123406444,0.11389378001345457,-1.7368856810991724
9400ZZMACRU,0.8014879290647591,-0.20807014683232342,-0.004381826512484028,0.5055380297473534,0.6361536517287564,1.2332001929973082,0.34785033443202007,0.913840849068982,0.49324561140629425,0.2983823215198102,0.14850136063098285,-0.68612406999027,-0.36472453369671226,0.3210245655235195,-0.667642295201235,0.5455858388806273,0.5695499578239532,-0.438940998396393
9100DAISYH,-1.7698041243497322,0.8567740403597229,-0.004381826512484028,-1.0099331836884946,-1.16389195084171,1.387263452155926,0.46679070344095086,-0.19888745472478803,-0.0713212237267413,0.023207805051531027,-0.7844128163786688,-1.9794983393656087,-0.36472453369671226,-0.013430183177637693,0.5238699226534054,-0.5516516565002805,0.37312569310511245,0.11414129513469959
9400ZZMADNE,0.3080064737549056,-0.20807014683232342,-0.004381826512484028,-0.7288253326111448,0.29247337051705696,-0.8090668620104065,-1.7217489920102,-0.41487378518912416,-0.10801946245039659,-0.02471686904541586,-0.5222707957104978,0.745872637187198,-1.7741209205724526,-0.24204825017560158,-1.46610884595059,0.6873245203650118,0.3338848370338435,0.882060668564827
9100DAVNPRT,-0.0052642146915315565,0.8567740403597229,-0.004381826512484028,-0.3232825151439334,-1.16389195084171,-0.8090668620104065,0.2995341325928019,0.1590784233189686,0.2402017452688186,2.617278541288492,0.5082411415323567,-0.4299889104692821,0.06837466775241119,0.9022785700720433,0.5238699226534054,-0.24558223925900377,-0.19948066733413378,0.11711834773437012
9400ZZMAGMX,1.1292411244421894,2.038203205888747,3.047669778078771,0.7179862861196357,1.6912870176114352,-0.8090668620104065,-1.7516600872264991,1.1757152294267448,1.1630174832053692,-0.1896882008688971,1.7662908742902461,2.117238277738686,0.9480691514052447,1.6647409997999425,2.0234783548376027,2.2254707914904377,3.1605764199220543,-1.0211294828203363
9400ZZMADER,-0.8567990103280453,-0.20807014683232342,-0.004381826512484028,1.2350679559693158,0.6798917851329378,1.5429549718504407,1.4292795671321297,-0.5856238481748847,-0.741169003952703,-0.6221189378345329,-0.22229566353549637,-0.8243625147816456,-1.0339367337027616,0.007117713202254182,0.24099448414346153,-0.931819207658425,0.27564313640241295,0.8401179392992504
9400ZZMADID,0.6444891738813809,-0.20807014683232342,-0.004381826512484028,-0.04008890910524129,0.9984278651032276,-0.8090668620104065,-0.1642694553419421,0.7152628880544545,1.144416632663765,-0.3271496925304839,0.674709743647236,0.9910993749569645,-0.5618333934560582,0.32503444687694005,-0.667642295201235,0.4975513258538752,-0.008444664857241246,-0.08369661591559732
9400ZZMADRO,1.0455833535499266,-0.9180416835998777,-0.004381826512484028,0.8678841137352403,0.4829679041140575,-0.8090668620104065,-0.04461299733575328,1.0082971311656121,0.9476380368987131,0.043537692309091554,-0.22229566353549637,-0.6941131991944597,-0.5618333934560582,0.9676709138393477,-0.13702236918421307,-0.38297697548485204,-0.14832145722873702,-0.1276327596625647
9400ZZMAEDY,0.6059559207036436,2.087895328768623,1.1676705726346626,0.39316907907052584,1.0028724657183596,0.9343285540195988,-0.8372891392925043,0.366397001719951,0.5534772363302329,0.37381539536927333,0.2772092159967751,0.7452726568794406,0.5726563581245936,0.6482352989935933,0.5238699226534054,0.6404691789373386,0.3254065031989517,0.4465826533318896
9400ZZMAECC,0.45468863244343527,0.9305479474309486,1.8978504667569414,0.2761622582904315,0.7716608806824711,0.5120226747423665,-1.6162586133144765,-1.3315766635346047,-1.3942355871394725,-0.2779874332800232,0.3001079603351472,0.3906811384620046,0.9071626458423089,0.7258011120062815,1.7035151264970585,1.32485668235442,0.672141278060464,0.44025714293251117
9400ZZMAELN,1.1292411244421894,-0.9180416835998777,-0.004381826512484028,0.3352742510037168,0.8779611173354882,-0.8090668620104065,0.907849379206321,0.2662110014978171,0.21812583778271175,0.012398858532696582,-1.9182798294700676,-0.15653590688568883,-0.45630070319001154,0.9995131100096996,-0.13702236918421307,0.09860616868954157,0.14848043872349423,0.6869170960162245
9400ZZMAECS,1.3870923873009764,-0.9180416835998777,-0.004381826512484028,0.2157694317146406,0.44759008905137115,-0.8090668620104065,1.6107685848741689,-0.8920450383516284,-0.8554073281755944,0.03411176083310725,0.6500601566621262,1.6154572522976238,0.36476673489314704,-1.8695995070745675,-0.667642295201235,1.0266349542810684,0.5269824746036974,1.5008551726999324
9400ZZMAEXC,0.9222460415016097,-0.9180416835998777,-0.004381826512484028,0.2157694317146406,-1.16389195084171,-0.8090668620104065,-0.6493211089069388,-1.3866965314779898,-0.898236304298751,2.383723227740636,1.4831851681288477,0.5984831494748879,2.1638593433320463,0.15559456950230377,-0.667642295201235,1.177907510999882,0.07254927074453861,0.7911992006398018
9400ZZMAEXS,1.1714998804121892,-1.8557391691864218,-0.004381826512484028,2.775531412383074,1.7545782032512482,-0.8090668620104065,-0.32914102910196386,0.499347526006125,1.2567463504911784,-0.11179522054823245,2.1594713608101657,1.5801107394560483,1.3667680059880276,0.5298209285391168,0.24099448414346153,1.6837288000305553,0.2601766337633482,-1.30756045260988
9400ZZMAFWH,0.6059559207036436,-0.20807014683232342,-0.004381826512484028,0.2157694317146406,0.6798917851329378,-0.8090668620104065,-0.23257610542791088,0.486489534173086,0.4731400874996324,0.02633599236842987,-0.22229566353549637,0.45293501261010927,-1.0339367337027616,0.4263701930084873,-0.667642295201235,0.35103675673978335,1.1248059134519088,-0.5482055748891375
9100FRFD,0.8817067603813432,0.1955545635545813,-0.004381826512484028,-0.7288253326111448,-1.16389195084171,-0.8090668620104065,-0.7055311976045093,-0.7289333711240865,-0.7317070118176866,0.0029718709249691726,-1.1773745199118375,-0.03141874935276479,-1.0339367337027616,-0.9616364128671266,-1.46610884595059,0.6639453735289372,0.7291371998158513,1.2034256106247978
9100FRNW,-0.9553400389151934,0.1955545635545813,-0.004381826512484028,-0.399244647229512,-1.16389195084171,-0.8090668620104065,-1.639797630733351,-0.17687764677117448,-0.29703075379446026,-0.017628234315651525,-0.17481657702420283,-1.0285694750141978,-0.5618333934560582,-0.39112082691186467,-0.667642295201235,-0.005330656252285806,0.44476356663765015,0.8678582865955358
9400ZZMAFIR,0.8817067603813432,0.015431916406891412,-0.004381826512484028,-0.399244647229512,0.09024488163313542,-0.8090668620104065,0.6407234575828831,1.6426639625430397,1.4775107079124068,-0.2099297727836012,0.8670462332751571,0.703407174979075,0.19460958022690758,-0.28595717868754633,-0.667642295201235,1.2414078327390108,1.3797111914640587,-0.5822888158270687
9100FLIXTON,-0.2642408133222037,0.5871103215450173,-0.004381826512484028,-0.6421438211422316,0.6798917851329378,1.333521188143679,0.699940925725543,-0.6690011679491193,-0.5186698788138495,0.010503551338320373,-0.273183376315859,-1.427633644515989,-0.5618333934560582,-0.8196507178272965,0.24099448414346153,-0.16450108102483513,-0.8048911702598863,1.4709434589755734
9100FLWRYFD,-0.23287169343424835,0.8567740403597229,-0.004381826512484028,-0.2495271077334797,-1.16389195084171,-0.8090668620104065,-1.1134408338500585,0.6257059436713253,0.5550364203031564,0.08894234031576181,-0.5222707957104978,-1.2780611834043818,-1.7741209205724526,0.35925323278635357,-0.13702236918421307,0.1499322927834093,0.0008755068696865498,0.20254253334717773
9400ZZMAFRE,0.028397382175932805,-0.20807014683232342,-0.004381826512484028,0.44990553451742044,0.6586300138306408,0.2861653537584461,-0.09354277352416132,0.9658315178196634,0.28785484519595095,-0.25764610984052505,-1.0246347574000603,-1.3845223185481006,0.26768592856571183,1.1543921860277728,-0.13702236918421307,-0.19141624939504906,0.866145095243407,-0.30166901279284875
9100GATHRST,-1.9291654507738456,0.8567740403597229,-2.230954684808041,-1.8545000517188532,-0.20372210511137906,1.0262167620402398,0.342009222752642,-2.5363291916475497,-2.464581969751074,0.01728842703421909,-1.3635076872251168,-0.9269561226539665,-1.7741209205724526,-1.6932790199541812,-0.667642295201235,-1.493176289773981,-1.9803064043166851,2.804789193870121
9100GATLEY,0.20100382176301945,0.8567740403597229,-0.004381826512484028,-1.2188029078582427,0.5869677257258546,1.2680196619488007,-1.4631629663125953,0.19372630312956454,0.1435346700921853,-0.6211044059179035,0.7740779821577825,0.29707439934324115,-0.08574502915670781,-0.5640840269243079,-0.13702236918421307,0.3757094379208299,-0.79583183089719,0.3774197350117643
9100GODLY,-0.8058092652697825,0.8567740403597229,-0.004381826512484028,-0.6421438211422316,-1.16389195084171,-0.8090668620104065,-0.2712600099498369,-0.5825053733832001,-0.40216513525858094,-0.029200608598821967,-1.3635076872251168,-0.304505547396924,-0.36472453369671226,-1.171372668186954,-0.667642295201235,-0.2728339905189579,-0.44805363698692413,-0.5892626395161948
9100GORTON,1.004184337520926,0.5871103215450173,-0.004381826512484028,0.6662989493186973,-1.16389195084171,-0.8090668620104065,0.7266803260910976,2.0890234954956175,1.3934598863192231,0.06047206902725018,-0.6001496476887948,0.3832460264332872,-1.3082654746671107,-0.7292854620263008,-0.667642295201235,0.7568836788090085,0.8019160859141575,-1.0216576195164202
9100GFLD,-1.4673550654132612,0.8567740403597229,-2.230954684808041,-0.4775799552409926,-1.16389195084171,0.8575159041480959,2.2188121887471195,-1.2098613336091935,-1.0450526107446354,-0.023470529058309927,0.02341935712339365,-0.005945509223136826,-0.686397692045635,-0.490211739001933,-0.667642295201235,-1.723039273649976,-1.9803064043166851,0.5995820780632225
9100GIDB,0.5677092405784312,1.2247376464301518,2.3993318731243747,-0.912375532990537,-1.16389195084171,1.4299820381478392,-0.8720119550648733,-0.11047085095831043,-0.18465361892198243,-0.0119197326721455,-2.395886799140819,0.44720773650449264,-0.36472453369671226,0.029643151508756255,2.1490395412174936,0.4975513258538752,0.8175810957720122,-0.10103441672262849
9100HAGFOLD,-1.6078439425886917,0.7324764935848392,-0.004381826512484028,0.09085869659637495,-1.16389195084171,-0.8090668620104065,0.15679408972614886,0.5641037110855877,0.17413544450660487,0.03011670255543256,-1.1773745199118375,-1.998845268575898,-1.7741209205724526,-0.8810474448773665,-0.13702236918421307,-0.32767734463624437,0.48271457731508277,-0.7400951976036827
9100HALE,-0.8314474077965343,0.1955545635545813,-2.230954684808041,-0.5584757248242239,-1.16389195084171,1.3393339369621544,1.5566773912567449,0.2648551905916724,0.430471639741625,0.9998919821733913,0.5082411415323567,-1.998845268575898,-0.36472453369671226,0.3531970592640871,-1.46610884595059,-0.6088146814411738,-1.9803064043166851,-0.3398435805447935
9100HITW,-1.8192051557338362,0.1955545635545813,-0.004381826512484028,0.02618346290925391,-1.16389195084171,-0.8090668620104065,1.7758912874538455,-0.44515187664656114,-0.6082706130755039,-0.007460478387064496,-0.4516840195667654,-0.4636304424059787,0.19460958022690758,0.448946803947114,0.743452466525847,-1.0529729688165541,-0.8035898387187898,0.42998151467615325
9400ZZMAHCY,0.8414540564273989,-0.9180416835998777,1.1676705726346626,0.7179862861196357,1.6280937665698405,-0.8090668620104065,-1.0915483790246494,-0.193065691765149,0.2300296950541824,-0.21407931610659667,1.5561046493755695,0.6065835570342257,1.7930408307244914,-0.10745212897015517,-0.13702236918421307,0.5694542707516109,-0.5325724074248434,-1.6388491544488883
9100HATRSLY,-0.97925895537447,0.8567740403597229,-0.004381826512484028,-0.3232825151439334,-1.16389195084171,1.2158448648099733,-0.20768628071069534,-1.380265481004552,-1.5200375406468885,0.0024357882238284913,-1.3635076872251168,-0.9813184901367344,-1.7741209205724526,-1.83694620722895,-0.13702236918421307,-0.4667902551545127,-0.8061949114198258,0.5312676954381794
9100HAZL,-0.5621715370096964,0.8567740403597229,-0.004381826512484028,-0.2495271077334797,1.0890439428440974,1.598137849376324,1.3582021811795275,-0.15288718958803604,-0.015529187125363025,-0.23025178597425464,0.8496670080201242,-0.6036804063883794,0.5726563581245936,0.09027289249811522,0.24099448414346153,-0.6088146814411738,-0.8075010734669548,0.6547355726069802
9100HLDG,-0.13704498820147287,1.2247376464301518,-2.230954684808041,-1.3312475256554488,-0.20372210511137906,0.9110967654735196,0.6665015060490123,-0.6476577519915981,-0.6067758826471705,0.08226721560617511,0.5082411415323567,0.08244692478594677,-0.2838254489889773,-0.38260534735996315,-1.46610884595059,0.020815233656804544,-1.9803064043166851,0.21353462809342008
9100HTCP,0.8414540564273989,1.3608457226807633,-0.004381826512484028,0.02618346290925391,-0.20372210511137906,-0.8090668620104065,-0.26270693195881767,1.0803671449227128,1.3106474182498327,-0.33826003528169873,0.22877452083084543,-0.5843313853214253,-0.1457286961078308,1.759511940094849,0.5238699226534054,0.6404691789373386,0.46787909309979037,-0.8870780683664455
9400ZZMAHEA,0.4175882384307037,-0.20807014683232342,-0.004381826512484028,-0.10805708476022577,0.6798917851329378,0.8575159041480959,-0.31787693920312304,0.25426452107797304,0.33984418408474354,0.020884331026475213,0.08890902671811572,0.030224474464599742,-1.3082654746671107,-0.29119445627160195,-1.46610884595059,0.07278320011530019,0.281525582575882,1.1914995429694901
9100HINDLEY,-1.8900804371671327,1.0610560188172442,1.1676705726346626,-2.01053440064713,-0.4087405394222391,1.2680196619488007,1.3334134525594612,-0.5618010466181949,-0.42995045553198535,0.0001725529190587021,-1.0246347574000603,-1.1959133441622691,-1.7741209205724526,-1.5677537778608892,1.6167774029783362,-0.8126565170305909,0.3166681884509067,0.9061963372261328
9400ZZMAHOL,0.4175882384307037,-0.20807014683232342,-0.004381826512484028,-0.10805708476022577,0.8779611173354882,1.5063457403280465,-2.0218351829166465,-0.31842658874209095,-0.27712041352728994,0.28096525890410434,-0.5222707957104978,0.513757378334909,0.5497826179728871,-1.034578172249271,-0.667642295201235,0.17543632929968062,1.0436007771701925,-0.7196500406409048
9400ZZMAHTN,1.299995636979585,-0.9180416835998777,-0.004381826512484028,0.09085869659637495,-1.16389195084171,-0.8090668620104065,1.2566115817666024,0.39199863287838044,0.4057226154508087,-0.005968641328214001,-0.3279617594780389,1.158248684352066,-0.030509484872977045,1.045312743599498,-1.46610884595059,1.156564770391829,0.6323952084744828,-0.019976823387053696
9100HORWICH,-1.8763354717658784,1.0610560188172442,-0.004381826512484028,-2.5822699606227726,-0.005453172556464105,1.5468473411471146,-1.216719729949347,-2.5363291916475497,-2.464581969751074,0.0472876281846533,-0.6868485488069445,0.3890878739791547,0.8175210208591425,-1.508953137506441,0.5238699226534054,-1.2698834677084696,-0.8035898387187898,2.8434370575051973
9100HMPHRYP,0.34424715971760567,-0.08970217770907049,-0.004381826512484028,-0.7288253326111448,-1.16389195084171,-0.8090668620104065,-0.8048876656590965,1.1424671781169624,1.162111787443205,-0.3189570316553182,0.14850136063098285,-1.1542636771898198,0.06837466775241119,0.1866586098209058,-0.13702236918421307,0.6639453735289372,0.002994991389014166,-0.2213063006258782
9100HYDEC,0.028397382175932805,0.412650177521956,-0.004381826512484028,0.2157694317146406,-1.16389195084171,1.0262167620402398,-1.9811093265141893,-0.6786597756705873,-0.9436869890662604,0.03147684159802778,0.17637940375759037,-0.0703204878168376,0.5726563581245936,0.13821252194349987,0.24099448414346153,-0.24558223925900377,-0.6102516609613194,0.15821383942617842
9100HYDEN,-0.13704498820147287,0.5871103215450173,-0.004381826512484028,-0.2495271077334797,-1.16389195084171,0.9343285540195988,-0.8725387695346825,0.6568231414098262,0.6844306647016674,-0.6678586843791944,-0.5222707957104978,-1.2557102395267576,-1.0339367337027616,0.20031479292693255,0.5238699226534054,0.046853036796595124,-0.3312993630585885,-0.37262182131294747
9400ZZMAIWM,0.8014879290647591,-0.9180416835998777,-0.004381826512484028,0.09085869659637495,1.6501419451921582,-0.8090668620104065,-0.29246579064816164,-1.3387946350453932,-0.8737774425306923,-0.3266229257093939,1.365286621307326,1.7018340265744836,1.7639613583786522,-0.6666488689888352,-0.13702236918421307,0.8934353593334575,0.019808690598194716,-3.9587331773720167
9100INCE,-1.902679679924435,0.5871103215450173,1.1676705726346626,0.02618346290925391,-1.16389195084171,-0.8090668620104065,1.8358883312995282,-0.20226245019475073,-0.34064593478396565,0.10427361637324188,-2.395886799140819,0.026329389075788547,-0.686397692045635,-0.08184524844695665,0.9188126025309645,-1.0224960552852609,0.32560901642523654,0.054728285139607175
9100IRLAM,-0.9311345871313289,0.8567740403597229,-2.230954684808041,-1.7102898885415632,0.42868388455367423,1.327471439237235,1.9942714053151123,-1.2641687766360057,-1.1395690338534339,-2.9085683085777503,0.3641845092257469,-0.4943279101929702,0.155004477831134,-1.0752994883034246,-0.667642295201235,-0.5516516565002805,-1.9803064043166851,0.744279542459941
9100KEARSLY,-0.8058092652697825,0.1955545635545813,-0.004381826512484028,0.2761622582904315,-1.16389195084171,1.1423936062901656,-0.9932814255757801,-0.016896278758416036,0.21358062031471622,0.007147008085928908,-1.3635076872251168,-0.062497534983793,-1.3082654746671107,-0.6157301633411734,1.0620644636840675,0.17543632929968062,0.5518556960864918,-0.3273380490497772
9400ZZMAKNY,-1.6495166314300358,-0.9180416835998777,-0.004381826512484028,-0.04008890910524129,-1.16389195084171,-0.8090668620104065,-0.605870373449515,-0.7002461883900676,-0.713678139274347,-0.0031472002240079404,-0.6001496476887948,-0.11188413818142388,0.11302762638668354,-0.7463151655024561,-0.667642295201235,-1.590873340885,-0.14710469887032274,0.17938916733017637
9400ZZMALDY,0.45468863244343527,-0.9180416835998777,-0.004381826512484028,-0.10805708476022577,0.8960605125766969,1.5424564508225997,-1.696964546026474,-0.6271799852676833,-0.6803372219305203,-2.5174007107217546,0.2772092159967751,1.0212249024993336,1.0114148836022667,-1.3251091794213432,-0.667642295201235,1.177907510999882,-0.16210876850338274,0.044399679504657896
9400ZZMALWY,0.8414540564273989,-0.9180416835998777,-0.004381826512484028,0.7179862861196357,-1.16389195084171,-0.8090668620104065,-0.8878289436266604,0.21519597490927744,0.434759641365905,-0.1460955220053207,0.49199667399315555,0.7650544372874807,0.9210614365368275,0.8265776679530308,-0.13702236918421307,0.5216183277057731,-0.5835356346271047,0.34197964136954817
9100LVHM,0.9222460415016097,1.3608457226807633,-0.004381826512484028,0.39316907907052584,0.29247337051705696,1.2158448648099733,1.1060760407104515,2.3365609752657486,1.8010998275096948,-0.22316165481673197,1.0707682696790501,0.42797058628255175,-0.030509484872977045,1.7209275100182049,0.9188126025309645,1.0046642872657394,0.5695499578239532,-0.7758149309600035
9100LITLBRO,-1.8833511715349387,1.2247376464301518,-2.230954684808041,-0.399244647229512,-1.16389195084171,1.1897744094747693,1.1213588662488465,-0.8011034249921629,-0.6596374259628953,0.013118930863774223,-0.5222707957104978,-0.5503431524653257,-1.0339367337027616,-0.6333151466646618,-2.80225309058888,-1.9596657876176713,-1.9803064043166851,0.561346197782232
9100LOSTCKP,-1.8098978739268292,0.8567740403597229,-0.004381826512484028,-1.3312475256554488,-0.005453172556464105,1.2680196619488007,-0.4283632029497607,-0.840817396101934,-0.7152403728509115,0.025630404757867473,-1.1773745199118375,-0.02598917180837832,-1.7741209205724526,-0.2789635736839858,0.743452466525847,-1.0529729688165541,-0.4447376450926779,0.8518907907972626
9100MNCROXR,1.1714998804121892,2.055148001433154,-0.004381826512484028,1.863602997192052,2.175738410567947,-0.8090668620104065,-0.9856571289472296,2.7141394337402476,1.4493594319649605,-0.14666272754939028,1.9163365083176882,2.0331382880217737,1.123352599312434,1.1054019999138789,-0.13702236918421307,1.9989558856961351,2.222568955307157,-2.1495186533651927
9400ZZMAMKT,1.1714998804121892,0.1955545635545813,-0.004381826512484028,3.1472531420859426,1.8772489890047865,-0.8090668620104065,-0.26549980687880753,0.34463412011208355,1.0168052905339948,-0.10669975550715438,2.240046725082161,1.613106490013054,1.4884539318193075,1.486656326185665,-0.13702236918421307,1.606275702127185,-1.0809169398322223,-1.4453705196005038
9100MARPLE,-1.2439365620568907,0.8567740403597229,-2.230954684808041,-1.3312475256554488,-0.20372210511137906,1.5439438811819381,1.6857492387090611,-1.3186572362007123,-1.2363169386798618,0.12290542329534322,0.49199667399315555,-0.033642029317923,-0.686397692045635,-1.291672353876414,-0.667642295201235,-0.9619196946347957,-1.9803064043166851,1.3986588438731025
9400ZZMAMFT,0.028397382175932805,-0.9180416835998777,-0.004381826512484028,0.6662989493186973,0.7716608806824711,-0.8090668620104065,-1.2788894821709913,0.7326314722413995,0.6276505453865509,0.09559314517766668,-2.395886799140819,-0.03870645140233755,0.020678462493711625,0.8709818599331255,0.24099448414346153,-0.9018431599124748,0.44291200666245567,-0.3218553047367914
9100MLDTHRD,0.9630719003591538,0.8567740403597229,-0.004381826512484028,-0.04008890910524129,0.3880481532591628,1.0262167620402398,0.8464463378358672,1.2727274712868661,0.637846955871262,-1.1306340726638413,-0.17481657702420283,-0.9294225005894345,0.45006378426595295,0.8509556114379562,0.743452466525847,1.0920035200682292,0.42969234324464767,-0.171612384855508
9400ZZMAMCU,0.7618083777142834,-0.9180416835998777,-0.004381826512484028,0.3352742510037168,1.6501419451921582,-0.8090668620104065,-0.5130672711129318,-1.3387946350453932,-0.8737774425306923,-0.2475829739671728,1.3588499062753274,1.1861018349305796,1.5816231169333053,-1.1442407095086533,-0.667642295201235,0.3757094379208299,-1.9803064043166851,0.6384232004273318
9100MDWD,-1.4329837768943965,0.1955545635545813,-2.230954684808041,-3.4942008016878305,-1.16389195084171,-0.8090668620104065,2.1331961984891383,-2.5363291916475497,-2.464581969751074,0.012341065427190302,-0.7844128163786688,-0.47066292042661434,-1.7741209205724526,-1.65443417146506,-0.667642295201235,-0.931819207658425,-1.9803064043166851,2.654880240382028
9100MLSHILL,0.028397382175932805,1.0610560188172442,-0.004381826512484028,-0.3232825151439334,-1.16389195084171,1.1423936062901656,0.2075846917008901,-0.0006106981058004102,0.15684709129754815,0.05630039915999439,-0.22229566353549637,0.41797039856382934,-1.0339367337027616,0.12858420072507704,0.9188126025309645,-1.0835764013374303,0.6398199533659158,-0.4423205836398312
9400ZZMAMIL,-1.622021330101339,-0.9180416835998777,-0.004381826512484028,0.5601170323733221,0.3880481532591628,1.1752334459971898,-0.9073173471532453,0.30533778288777197,0.3277415159219127,0.024133753857476497,0.11938009173833626,-0.9153507454150742,-1.3082654746671107,-0.1347186702462441,-0.667642295201235,-1.493176289773981,-0.05124178236626842,-0.5341493928169474
9400ZZMAMON,1.299995636979585,-0.20807014683232342,-0.004381826512484028,0.7687895347234337,0.6798917851329378,-0.8090668620104065,1.0069566931840739,-0.722734253259968,-1.0532835456344989,0.013601076837540986,-1.9182798294700676,0.08955631601821461,-0.2113607749267224,0.09027289249811522,0.5238699226534054,1.1351334371735802,1.3452691635318907,0.4809636495900747
9400ZZMAMRD,0.13110155217954944,-1.63154368671706,-0.004381826512484028,0.2157694317146406,0.7716608806824711,-0.8090668620104065,0.004278974473785022,0.6036740268430345,0.5326300797227547,-7.036970658448564e-05,-0.8956631133729159,-0.07050342339737736,0.8785216058787436,-0.2737104313244076,-0.13702236918421307,-0.4387366800448344,0.8142888566245265,0.31368301024467177
9100MRSD,-0.03863924946654831,0.1955545635545813,-0.004381826512484028,-0.912375532990537,-1.16389195084171,1.1423936062901656,-1.1147627188892117,0.23600624667983006,0.21244341323861848,-0.27625856766618806,-1.0246347574000603,-1.704084312254375,-0.8384777431820573,0.6567976549153517,0.24099448414346153,0.8027785249818852,0.7730448159751947,0.22253780260570138
9100MSGT,-1.181635277533801,0.1955545635545813,-0.004381826512484028,-0.2495271077334797,-1.16389195084171,-0.8090668620104065,-0.12572359960743879,-0.25266845161271045,-0.42228138612351135,-0.002071859287688009,-0.273183376315859,-0.4185362389098394,-0.08574502915670781,0.6482352989935933,0.743452466525847,-0.19141624939504906,0.33005628853535535,0.7231521047250112
9100MOSSLEY,-1.0492965025379446,0.8567740403597229,-0.004381826512484028,0.8678841137352403,-1.16389195084171,1.0262167620402398,1.8687973894968768,-0.15228196502294356,0.18847788382200467,-0.0009492290404519359,-0.22229566353549637,-0.20752809734840993,-1.0339367337027616,0.5402835280233348,0.743452466525847,-1.493176289773981,-0.8101207057205764,0.013889506415134837
9100MSTN,0.49207559706037196,0.1955545635545813,-0.004381826512484028,0.9638422140061197,-1.16389195084171,0.9343285540195988,-1.7040922948838408,1.1408895757617676,0.8634148304289796,0.1649415861272627,-1.9182798294700676,-1.1690559416257635,-1.3082654746671107,-0.19051759546505648,1.9627463287347897,-0.8422623259883537,0.7442155237526772,-0.9433778711986633
9400ZZMANAV,-0.5048778065109651,0.47471359936082985,1.1676705726346626,-0.2495271077334797,0.4088660772819204,1.3676980646261006,1.4140241959682895,1.2883305295372813,1.6359236350270205,-5.097989975408978,0.5834175364010656,-0.4201619665433221,-0.45630070319001154,0.4038959465254842,1.7035151654964473,-0.005330656252285806,-0.1203904092854073,-0.013973548389611373
9400ZZMANIS,1.2140452174629959,-1.63154368671706,-0.004381826512484028,0.3352742510037168,0.09024488163313542,-0.8090668620104065,0.8897029120265468,0.3056063502087332,0.5294936274489208,0.07618648776250084,0.7210371702182793,1.4707276825771687,0.3015576389385521,0.3693636045159195,-0.13702236918421307,1.4272420083223751,0.7294402544595109,-2.952159590812019
9400ZZMANBD,-1.6758659791096144,-0.9180416835998777,-0.004381826512484028,-0.3232825151439334,0.4829679041140575,-0.8090668620104065,0.05194558346126817,0.452104795336176,-0.0868196062868731,0.14013392674814446,-0.17481657702420283,0.5743573656676068,0.42276330134758394,-1.0641202898818756,0.24099448414346153,-1.6897921817732882,-0.20461115940449603,-1.8171686230717212
9400ZZMANHY,-1.622021330101339,-1.63154368671706,-0.004381826512484028,-0.4775799552409926,0.6798917851329378,-0.8090668620104065,-1.1945046444277472,-0.7579323014190611,-0.6172579029817065,0.0047900121270276754,-0.17481657702420283,-1.3931262934714188,-1.7741209205724526,-0.9281807090335642,-0.13702236918421307,-1.3647880545851165,0.03483322627977844,0.4039524882325174
9100NWTH,-0.5336679464648393,0.8567740403597229,-0.004381826512484028,-0.399244647229512,-1.16389195084171,0.5891980107803798,-1.3793856583175963,-0.01223597852738854,0.09388838778955189,0.012498710116113693,-0.4516840195667654,-1.998845268575898,-0.8384777431820573,-0.6902686797220088,-0.667642295201235,-0.08442134380474779,-0.19756338333078455,0.5928828079894164
9400ZZMANEW,1.0872689490052598,-0.9180416835998777,-0.004381826512484028,0.5601170323733221,0.09024488163313542,-0.8090668620104065,0.48874975366127843,-0.4777351042390614,-0.8232193246219932,0.018011419738894304,-0.5222707957104978,-0.3795475077640268,-0.8384777431820573,-0.16540989200277842,-0.13702236918421307,0.5694542707516109,1.2018636460166583,-0.26973268589219973
9400ZZMANMR,0.34424715971760567,-0.9180416835998777,-0.004381826512484028,-0.2495271077334797,0.4829679041140575,-0.8090668620104065,-1.0543573837145876,0.9902395680498378,0.8299562806166157,0.09318305301179919,-0.8956631133729159,-1.1908803226705622,-0.36472453369671226,-0.5265099287421859,0.24099448414346153,-0.05794849338463596,1.0142836729262483,-0.2527867214067851
9400ZZMAOLD,0.8014879290647591,-0.9180416835998777,-0.004381826512484028,0.02618346290925391,0.09024488163313542,-0.8090668620104065,0.30928849053578267,0.03692431409073383,-0.15339121189397822,0.11556655052278583,0.8584257616593975,0.9385018393427838,1.058320949834616,0.251389384629083,-0.13702236918421307,1.304123917669342,0.5539087034368002,-0.0009772969218348956
9400ZZMAOMC,-0.5048778065109651,-0.20807014683232342,-0.004381826512484028,1.4446383797709819,0.9753623363426704,-0.8090668620104065,0.9894287023541091,-1.3286976299321758,-1.4992509600668937,0.10605876470788334,0.5834175364010656,0.8958890535405676,0.8929864916535434,0.8620723300310347,-1.46610884595059,-0.666453286698199,0.5460225188601237,0.6215253764397575
9400ZZMAOKS,-0.3566288377467054,-0.9180416835998777,-0.004381826512484028,1.4446383797709819,0.6244168873272533,-0.8090668620104065,0.7718503131839797,-0.6198022488666988,-1.2171276722502413,0.11787603491356637,0.5834175364010656,0.7204374427076307,1.0468809350803214,1.6065113708882113,-1.46610884595059,-0.5801739675014734,0.6618696221746642,-0.24726371806742034
9400ZZMAOMP,-0.6733204214614157,-0.9180416835998777,-0.004381826512484028,1.0568932541116811,0.9607979548546376,1.5519376954844788,1.3456744498219377,-0.5282965863752942,-1.0468786445415075,-0.3257247141240113,0.22877452083084543,0.4913267403203361,-0.2838254489889773,1.503995582367511,-0.667642295201235,-0.8126565170305909,0.41822985564674825,-0.4025473992298359
9100ORRELL,-1.9377549170727277,0.1955545635545813,-2.230954684808041,-1.3312475256554488,-1.16389195084171,1.1423936062901656,-1.0736137309509315,-0.41127319517213307,-0.28241656596832526,0.06909974222445806,-0.22229566353549637,-1.662774792140804,-1.3082654746671107,0.459242828120375,-1.46610884595059,-1.6566825408823165,-1.9803064043166851,0.654745634775557
9400ZZMAPAR,0.6444891738813809,-0.9180416835998777,-0.004381826512484028,-0.399244647229512,-1.16389195084171,-0.8090668620104065,0.18086750345185526,-2.5363291916475497,-2.464581969751074,-0.2189656241850754,-0.38721927702890574,1.2237960630113005,1.091578305333316,-0.3276655290272134,0.24099448414346153,0.25131758457622805,-0.433227774147685,1.9490491772012626
9100PTRCRFT,0.20100382176301945,0.1955545635545813,-0.004381826512484028,-0.17782975909237428,0.3880481532591628,-0.8090668620104065,-0.4116238908793445,0.5116564710897089,0.39166306278609525,-0.5871147659389514,-0.04914655735247061,-0.20199441544348162,-0.5618333934560582,0.23364686651331323,1.9052854948928866,1.0485147986600922,0.037917124538725984,-1.8931274648828587
9400ZZMAPLL,-0.13704498820147287,-0.9180416835998777,-0.004381826512484028,0.15402665325185166,0.935175618079552,-0.8090668620104065,0.1371819370792517,-0.25640912396837423,-0.19107311206295516,0.21521691373572335,-0.4516840195667654,-0.10020299099768543,0.19460958022690758,0.646096889597653,-0.667642295201235,-1.6897921817732882,-0.7366137551151593,-0.3863093038877133
9100PBRT,-1.9291654507738456,0.1955545635545813,-0.004381826512484028,-0.4775799552409926,-1.16389195084171,-0.8090668620104065,0.5834463393279136,0.5582779547377681,0.6030756350885081,0.2618380119035257,-0.6001496476887948,-1.867466723009487,-0.45630070319001154,0.7869195543936198,0.5238699226534054,-1.493176289773981,-0.6363244178314867,-0.27656335092387996
9400ZZMAPIC,1.2568771361386573,2.258113930978569,2.766465744238532,2.1719906867017906,2.0541223584532915,1.6277897033689517,0.13005237383287038,0.9326372711128783,0.8542268694421935,-0.1464682647733955,1.915456874328799,1.6044649710308818,1.2017531751807664,-0.534710641819937,1.8333341588853218,1.8718389442414425,2.510171249817285,-1.9386149060252957
9400ZZMAPGD,1.2140452174629959,-1.63154368671706,-0.004381826512484028,3.1218391039956592,2.0377481787336937,-0.8090668620104065,-0.21578258767761863,1.7268013649087832,1.803504697666365,-0.1087802912123874,2.217415004960027,1.4139651080829263,1.536548456200956,1.9319618427210177,0.24099448414346153,1.7028923847211586,0.36823553349840776,-2.4960804850194367
9400ZZMAPOM,0.9630719003591538,-0.9180416835998777,1.1676705726346626,0.09085869659637495,-1.16389195084171,-0.8090668620104065,-0.2518148767823051,-0.5873577947550053,-0.2619470314251524,2.825760527822066,1.3182707117137296,0.844453636521053,1.8738458063015213,-2.5694116646391385,0.5238699226534054,1.4876630318840314,0.9093456913006811,0.3905838081869944
9400ZZMAPWC,0.3807744143983273,-0.9180416835998777,-0.004381826512484028,0.3352742510037168,1.0158922048201484,1.1897744094747693,-1.187091043327735,0.66128703985153,0.8172824150353621,0.124228231371153,0.5544808861212136,-0.971991820200246,0.3015576389385521,-0.48191311281700516,-1.46610884595059,-0.03158508171191457,0.1061763606935687,0.5135212166514311
9400ZZMAQRD,1.1714998804121892,-0.20807014683232342,-0.004381826512484028,0.02618346290925391,-1.16389195084171,-0.8090668620104065,1.110022585716509,-0.3651580993279106,-0.7786073029632214,-0.009788616784003001,-0.38721927702890574,0.6562512457555959,-0.2838254489889773,-0.015293425173826787,0.5238699226534054,1.1991620253136615,0.8039370459912903,0.7772199618378169
9400ZZMARAD,-0.47580111634425865,-0.9180416835998777,-0.004381826512484028,-0.04008890910524129,0.23507094489284447,1.5877399123558416,0.9670393001412545,-0.1695719617026807,-0.18080839940900847,-0.018437294349163975,-1.1773745199118375,0.7865610920426944,-0.45630070319001154,-0.16001002778299434,0.743452466525847,-0.6954521674385027,-0.7413688192133121,0.07308884492363756
9100REDISHN,0.9630719003591538,0.8567740403597229,-0.004381826512484028,-0.04008890910524129,-0.2950620575855496,1.0262167620402398,0.029365191909710493,1.0320469668203052,1.0867966074779847,-0.4963166117775483,-1.3635076872251168,-0.01972357258292316,-1.7741209205724526,0.33306420473982395,0.24099448414346153,0.25131758457622805,0.0757821580025033,-0.41749325447655744
9100REDISHS,0.8817067603813432,-2.5647324170514145,-0.004381826512484028,-0.6421438211422316,-1.16389195084171,-0.8090668620104065,0.11516620931621116,0.16464235150449794,0.33269734852439187,0.07736568039751135,0.22877452083084543,-0.27392604897559786,-1.3082654746671107,0.7410156860520707,1.662446623108002,-0.21844314750286098,-0.7018868562033684,0.8682044335857753
9400ZZMARWD,-0.23287169343424835,-1.63154368671706,-0.004381826512484028,0.2157694317146406,0.8104824774780588,-0.8090668620104065,-0.13443957684419844,0.1504388833887066,0.027348914458585578,-0.3735946542175516,-0.011892264720582201,0.7293411308467467,0.26768592856571183,1.966448220419198,-0.667642295201235,-1.5581726520271428,-0.3595118507045939,-0.5062766751375394
9400ZZMARIN,-1.7251268703705958,-0.9180416835998777,-2.230954684808041,1.2350679559693158,0.7000592472414029,-0.8090668620104065,0.09030374549543752,0.11484565721316466,-0.4735866400529516,0.983089532939247,1.0219743810062714,-0.092845837484897,0.7330594238420817,1.8478022231435416,-1.46610884595059,-1.6897921817732882,-1.9803064043166851,0.06978900942886461
9400ZZMARRS,-1.6078439425886917,1.6390522819229623,1.8978504667569414,0.8678841137352403,0.9800923340487899,-0.8090668620104065,-0.27610763505978586,0.7299446769759307,-0.10426797116431522,0.33114882903086573,0.3222038053571636,0.03330100769621328,0.5497826179728871,0.7258011120062815,1.5656910412937775,-1.5256071546763998,0.44845909825018826,-0.19007848114318304
9100ROMILEY,-0.2642408133222037,1.295673292894804,1.8978504667569414,-1.11190394886421,0.31849076417322947,-0.8090668620104065,1.170245141728932,-0.17779193674803628,-0.2311807071768586,0.07095556242990428,0.7098037376189634,-0.008205963175311068,-1.0339367337027616,0.5802377055022211,1.4429074226244347,-0.6375742899446666,-0.40508130709185564,0.18485073976996522
9100ROHL,-0.9066425990668969,-0.08970217770907049,-2.230954684808041,-1.5759483260622829,0.44759008905137115,-0.8090668620104065,1.7625884741828972,0.11202926656424177,0.08505233811139908,0.18990360297924838,-0.7844128163786688,-0.32071931421256605,-1.3082654746671107,-0.4317376734594599,-1.46610884595059,-0.8719910368389878,-1.9803064043166851,-0.17628610369877293
9400ZZMARND,-0.07172772284256185,-0.9180416835998777,-0.004381826512484028,0.6136894466597508,1.036612817263447,-0.8090668620104065,-0.42930487663883077,-0.07269252328933803,-0.13188345829909767,0.3292223457135845,-1.1773745199118375,-0.09758626813801939,-0.2838254489889773,1.248844809690563,-1.46610884595059,-0.7538115740778724,0.5789867894064755,0.11379423570319726
9100RYDRBRW,1.004184337520926,0.1955545635545813,-0.004381826512484028,0.6662989493186973,-1.16389195084171,-0.8090668620104065,1.028522706927135,0.7211410017018343,0.11324778446624621,0.07698157798275986,-0.08855087719635006,0.16750384431968196,0.11302762638668354,0.3531970592640871,-0.667642295201235,0.4733844202219239,0.2293147725020376,0.39533685376806055
9400ZZMASLE,0.13110155217954944,-0.20807014683232342,-0.004381826512484028,0.39316907907052584,0.8177956964393357,1.092039817620621,-0.6561370367866123,1.3148223627645172,1.6852580840631275,0.29124499163849943,0.6109956875432218,0.009714168123294366,0.7849338864990976,2.422167135156077,-1.46610884595059,0.5694542707516109,0.21325961505945443,-0.538724574404011
9400ZZMASWP,0.45468863244343527,-0.9180416835998777,-0.004381826512484028,-2.8273742954121475,0.4829679041140575,1.564483652441394,-1.6091077519637669,-2.5363291916475497,-2.464581969751074,0.0011472302017655762,-1.3635076872251168,1.2308453340871834,-0.8384777431820573,-1.6656011040704837,0.5238699226534054,0.32626165694644965,1.1043292505854156,2.974600614561983
9100SLFDORD,1.0872689490052598,1.6242957050868236,-0.004381826512484028,0.2157694317146406,1.3335040866499002,-0.8090668620104065,-0.711710005091625,0.32142143485425906,1.0577219156673403,-0.204645892774194,1.7813842846569676,1.9045205285767302,1.2109743527482875,1.0591242037877384,-0.13702236918421307,1.7219767533295325,0.3146274886313722,-1.1518350905304968
9100SLFDCT,0.9630719003591538,2.003083839441583,1.8978504667569414,-0.8187963887968881,-1.16389195084171,-0.8090668620104065,-0.8735650605973828,-0.2852273042209274,-0.6308002663031251,0.009877200168425908,0.17637940375759037,1.5593167174986489,0.8637559053314569,-0.4047070641246068,1.6167774029783362,1.9085349461815773,1.670819797162654,0.8007430839836105
9400ZZMASQY,1.004184337520926,-0.9180416835998777,-0.004381826512484028,0.44990553451742044,-1.16389195084171,-0.8090668620104065,-0.9467176266244718,0.27271270229718897,0.5927924267103991,-0.19271450171733082,1.6519359699815592,0.22947066493359497,2.25754115634878,0.08074540829428896,-0.667642295201235,0.9158658273840061,-0.1068433092257812,-0.23877246389522616
9400ZZMASDW,-0.3566288377467054,-0.9180416835998777,-2.230954684808041,-0.4775799552409926,0.7716608806824711,-0.8090668620104065,0.18392928721259386,-0.5334001668857304,-0.5918775429944687,0.05140631851290395,-0.13034654830736364,-0.3876512467319223,0.06837466775241119,-1.3782606459123483,-2.80225309058888,-1.789948095763765,-1.9803064043166851,-2.6109262459660987
9400ZZMASHA,-1.2641306119110212,-0.9180416835998777,-0.004381826512484028,0.02618346290925391,0.6798917851329378,1.2386266648103228,0.7803708579515874,0.23600624667983006,0.23624935727573856,0.033511236237728344,-0.6868485488069445,-1.6906917805769823,-0.2838254489889773,-0.3740713067883588,0.5238699226534054,-1.2072658609370255,0.11293186088828512,-0.8049169951881026
9400ZZMASHU,1.1714998804121892,0.1955545635545813,-0.004381826512484028,2.4558374862344725,1.749768074704072,-0.8090668620104065,-0.07766251950778942,0.8135110590944388,1.6487109590722022,-0.1150131531440742,2.0916545445323336,1.415115756052672,1.3443147213914797,2.087158075309311,-0.667642295201235,1.547337857241899,-1.1612338547903902,-1.3184931681527081
9100SMBG,-1.8763354717658784,0.8567740403597229,-0.004381826512484028,-0.8187963887968881,-1.16389195084171,1.2276010078231154,0.6981839158356462,-0.11226552195337484,0.0086958997659951,-0.008363023633390972,-1.3635076872251168,-0.15121392437375203,-1.0339367337027616,-0.8302137450414574,0.743452466525847,-1.8574136017359826,-0.7401771780306621,-0.7051715665259275
9400ZZMASCH,0.20100382176301945,-0.9180416835998777,-0.004381826512484028,0.2157694317146406,0.6798917851329378,-0.8090668620104065,-1.4904223474474045,0.4924088177986402,0.417578974460793,-0.7370667636288815,-1.0246347574000603,-0.1354303718607786,0.45006378426595295,-1.563102021508991,-0.667642295201235,-0.005330656252285806,0.957698975763213,0.03847603712723648
9400ZZMASTP,1.1714998804121892,0.015431916406891412,1.8978504667569414,3.0446030280811427,1.997061478250329,-0.8090668620104065,-0.8318307600804414,0.5323515832562319,0.6949915631387084,-0.11013255862483667,2.218181423238578,1.3232914263354953,1.450141978110755,2.193462397077121,1.2820071363998569,1.9085349461815773,0.5671809032898429,-1.5391269401585954
9400ZZMASTW,0.9222460415016097,0.1955545635545813,1.1676705726346626,0.09085869659637495,0.907659691629932,-0.8090668620104065,0.38261333011220194,0.7370248109533698,0.8556788683635155,0.9520642358041951,0.4581308020439037,1.9904379493715068,0.26768592856571183,-0.7494024746966714,0.24099448414346153,0.9158658273840061,1.454414250742511,0.43669524408667976
9100SBYD,-0.5903885789574276,1.1469861962816779,1.1676705726346626,0.7687895347234337,-1.16389195084171,1.1594996940247284,0.8383975848472698,-0.26515359853335496,-0.25209328117753976,-0.3341399755996887,0.11938009173833626,-0.8539977330774875,-0.45630070319001154,0.1866586098209058,2.0603492610226724,-1.2385098123406444,-0.36290962263867177,0.6093064766415953
9100STKP,0.34424715971760567,1.947029960601453,2.3993318731243747,1.8275890022493,0.8320142447239519,1.6775847668924568,-1.272463499675614,-0.1547034894385094,-0.10801946245039659,-0.152019883452372,1.653617484284779,1.534663432390867,1.5129039097397954,-1.4826271360939687,2.036476481230394,0.3013837132995772,0.5642988528431246,0.07295370106195401
9400ZZMASFD,0.6444891738813809,-0.9180416835998777,-0.004381826512484028,0.15402665325185166,0.29247337051705696,1.1675260536658385,-0.6125108470981696,0.37987669331830687,0.4240306974931177,3.618714807818181,0.7638628171321559,1.0912761340010155,0.8785216058787436,-0.024597768592411043,-0.13702236918421307,0.9158658273840061,0.4479054115213027,0.6707538306139401
9100SWNT,0.13110155217954944,0.8567740403597229,-0.004381826512484028,0.2761622582904315,-1.16389195084171,-0.8090668620104065,-0.3955910424933565,0.5374468936610857,0.48690759148123924,0.06335697670684355,-0.273183376315859,-1.6367386820464112,-0.08574502915670781,-0.08001032527910035,0.743452466525847,1.0485147986600922,0.8603130950694308,-0.7324453856663292
9400ZZMATRC,0.2363848054239241,-1.63154368671706,-2.230954684808041,0.2761622582904315,-1.16389195084171,-0.8090668620104065,-1.4623458159823577,-2.5363291916475497,-2.464581969751074,0.16588777473496158,0.5240565687612957,1.6499253668674165,1.576141024441935,-1.7785230131986316,-2.80225309058888,-0.38297697548485204,-1.9803064043166851,2.7024599676999363
9400ZZMATIM,-0.2642408133222037,-0.9180416835998777,-0.004381826512484028,-0.5584757248242239,0.29247337051705696,-0.8090668620104065,0.9984878778288945,0.8508350560837971,1.126656083930236,0.387923850512825,0.14850136063098285,-0.5869269720904656,-0.5618333934560582,-0.38260534735996315,-0.667642295201235,0.1499322927834093,-0.062136126634687365,-0.2772011214833649
9400ZZMATRA,0.9222460415016097,0.015431916406891412,1.1676705726346626,-0.4775799552409926,-1.16389195084171,-0.8090668620104065,0.022463607176816988,-1.3105700170576267,-1.2639736810633442,0.24529425574411962,1.136227342653084,0.7458876807291123,1.3132374321865197,0.18276420145130115,0.743452466525847,1.606275702127185,1.8637637778809482,1.0109729447816893
9100TRFDPK,0.49207559706037196,0.1955545635545813,-0.004381826512484028,-0.5584757248242239,-1.16389195084171,-0.8090668620104065,-0.1465660019528301,0.066971722748315,0.1319171698593613,-0.16291370634032998,0.22877452083084543,0.5291378941894325,0.7680608487524363,-1.4729846700038565,1.0620644636840675,0.9382035715941097,0.16977202556218388,-0.2813886861711439
9100URMSTON,0.09658026493258157,0.8567740403597229,-0.004381826512484028,-0.2495271077334797,0.6798917851329378,0.5891980107803798,-0.49193484684591776,0.17768704995322368,0.28841178760175645,-0.22676436926339033,1.1941588109479833,-1.4801668665290062,0.020678462493711625,0.47369297208034566,-0.13702236918421307,0.3013837132995772,-0.19564970018123348,0.2913733417016211
9400ZZMAVPK,1.2568771361386573,-0.9180416835998777,-0.004381826512484028,0.2157694317146406,0.6361536517287564,-0.8090668620104065,1.5646182358393481,-0.8920450383516284,-0.8554073281755944,-0.011514845990078137,0.6373287680075396,1.6416613427035955,0.8486765304001964,-0.01156615931377471,0.24099448414346153,0.6404691789373386,0.4140716568123432,1.317722708970312
9400ZZMAVIC,1.1714998804121892,2.119223955864388,3.4515794523728,1.5642022177358041,1.5167267637344815,-0.8090668620104065,-0.07713180282732057,1.5621748833711484,2.334697699529441,-0.1403223056252144,1.8927912882811202,1.2688103551340304,0.9991889784798417,1.52635874250119,2.294851414277183,1.797528597351115,2.5200604579786594,-1.7140621715916478
9400ZZMAVLG,0.6444891738813809,-0.9180416835998777,-0.004381826512484028,-0.399244647229512,-1.16389195084171,-0.8090668620104065,0.1788341529523536,-2.5363291916475497,-2.464581969751074,-0.21946065375401466,-0.38721927702890574,1.2199391514111075,1.091578305333316,-0.3276655290272134,-0.13702236918421307,0.4975513258538752,-0.18046785430777407,1.9490491772012626
9100WALKDEN,-0.6733204214614157,0.8567740403597229,-0.004381826512484028,0.39316907907052584,-1.16389195084171,-0.8090668620104065,-0.37508193977494153,0.43754636661443,0.5467137812131776,1.3096702832044826,0.4222613413529614,-0.5341591606673121,0.5016838090700771,1.7311948125009982,0.9188126025309645,0.35103675673978335,0.6798373348944223,0.22615742160936583
9400ZZMAWST,0.683309000712307,-0.9180416835998777,-0.004381826512484028,-0.3232825151439334,-1.16389195084171,-0.8090668620104065,-0.4707523353208534,0.5170310213906235,0.38135589455007624,-0.15355098445112653,0.22877452083084543,-0.22531707155925604,-0.08574502915670781,0.12858420072507704,0.24099448414346153,0.779878630836755,-0.3770099484492599,0.18546945335335088
9400ZZMAWTD,0.7224154017926536,-0.20807014683232342,-0.004381826512484028,0.7179862861196357,1.122321855164785,-0.8090668620104065,0.27388016339341187,1.519732613137157,2.2075870800797035,-0.5167258829195714,0.14850136063098285,0.8077247952690011,-0.2838254489889773,0.03152544486539735,-1.46610884595059,0.5455858388806273,-0.023520758149901018,-0.8201955841036974
9100WSTHOTN,-1.8369603497934268,0.9651401827775514,-0.004381826512484028,-0.8187963887968881,-1.16389195084171,1.3005298116213808,0.005753656893968077,0.6069353465362315,0.8860616033031609,-1.6986789158122475,-0.7844128163786688,-0.3348658612382379,-0.5618333934560582,0.31301480785204266,1.9794103340666465,-1.4608795006022768,-1.084969387702819,-0.2430903008986702
9400ZZMAWWD,-0.2642408133222037,-0.20807014683232342,-0.004381826512484028,1.147241131198919,0.6798917851329378,-0.8090668620104065,0.5298822190160998,0.1593568049354675,-0.6811073133021891,0.18534839374353837,-0.011892264720582201,0.3828196562849831,0.9740882569095812,1.659656866031574,-0.13702236918421307,-0.4387366800448344,0.7680317111471994,-1.1218258931404188
9400ZZMAWFS,0.8817067603813432,-0.9180416835998777,-0.004381826512484028,0.39316907907052584,-1.16389195084171,-0.8090668620104065,-0.4964966180006176,-1.3866965314779898,-0.898236304298751,-0.34237642514643246,1.5561046493755695,1.1559170166634973,2.123749408440918,-1.2209050097138212,-0.667642295201235,1.177907510999882,0.18798643834279136,-0.4639431919067146
9400ZZMAWFD,-0.0052642146915315565,-0.9180416835998777,-0.004381826512484028,0.6136894466597508,0.6123217527658636,1.5236809489131435,-0.5890770874451277,0.888591210624415,0.8172824150353621,0.2592500788144642,0.4581308020439037,-1.0162892562805088,-0.1457286961078308,1.42756696565822,-0.13702236918421307,-0.41079908000508064,-0.36556091228078047,0.28354392664385053
9100WIGANNW,-1.9244411181566543,1.7088515811457403,1.1676705726346626,1.2780876922550148,0.09024488163313542,1.5563241412412432,1.5377266806602743,-1.2139157940259089,-0.9462897990704587,-0.5925839014224249,1.151350956117515,1.1573811713587583,1.0695801186530536,-2.7741448870069845,2.0234783548376027,-1.0529729688165541,-0.09751983159512734,-0.06656637219070113
9100WIGANWL,-1.9244411181566543,1.2247376464301518,1.1676705726346626,1.3205371198711227,0.09024488163313542,0.5891980107803798,1.5752851652386304,-1.3196110550695492,-1.4492496573343172,-0.378871719838518,1.2076459358043734,0.677270695166569,1.1437751078488572,0.4985617787362817,1.1812712557844007,-1.2385098123406444,0.05346625341166964,0.616507507507551
9400ZZMAWIT,0.8014879290647591,-0.9180416835998777,-0.004381826512484028,-0.10805708476022577,0.7375111877354805,-0.8090668620104065,0.1049819926907276,-0.1365825392086489,0.24527704086477758,0.00292394549549901,-1.9182798294700676,-0.42620338029556054,-0.5618333934560582,-1.5361783889520069,-0.667642295201235,0.6873245203650118,0.1148549159079738,1.3255951313670544
9100WOODLEY,0.09658026493258157,0.5871103215450173,-0.004381826512484028,-1.4499877509647587,-1.16389195084171,0.5120226747423665,0.41953812639279686,-0.2405398627363065,-0.08868448888747515,0.026666842455953278,-0.4516840195667654,-0.7113294319814245,-0.8384777431820573,-0.4752610942866963,0.5238699226534054,-0.523247258826666,-1.0475944849804084,-0.4577888142986444
9100WMOR,-0.13704498820147287,0.9651401827775514,-0.004381826512484028,-1.5759483260622829,-1.16389195084171,0.5891980107803798,0.762520426111137,0.21739155724739484,0.37755146027798575,0.02164110380899654,-0.5222707957104978,-1.2971309860714224,-0.36472453369671226,-1.5816548744157104,-0.667642295201235,-0.4387366800448344,-0.4497162808176505,-0.2543693056337534
9400ZZMAWPK,0.13110155217954944,-0.9180416835998777,-0.004381826512484028,-0.17782975909237428,0.7716608806824711,-0.8090668620104065,-0.3489013869692041,0.9096020533265624,0.8894247013907343,0.07834704297259486,-1.3635076872251168,-0.29656358360517476,0.11302762638668354,0.6653739892127088,-0.667642295201235,-0.24558223925900377,0.917953760660283,-0.20464798355477973
9400ZZMAWYT,-0.13704498820147287,-0.9180416835998777,-0.004381826512484028,0.5601170323733221,0.8104824774780588,-0.8090668620104065,-0.6569283393128071,0.7189375547737007,0.4008616977671731,-0.3773925508899874,-0.17481657702420283,0.7694821558368534,0.19460958022690758,1.1849250564727019,-0.13702236918421307,-1.4287162327248104,-0.09549110974832647,-0.19116474375261577
